date,name
2024-02-22,"День защитника Отечества, перенос"
2024-03-07,"Международный женский день, перенос"
2024-05-08,"День Победы, перенос"
2024-06-11,"День России, перенос"
2024-11-02,"День народного единства, перенос"
2025-03-07,"Международный женский день, перенос"
2025-04-30,"Праздник Весны и Труда, перенос"
2025-06-11,"День России, перенос"
2025-11-01,"День народного единства, перенос"
2026-04-30,"Праздник Весны и Труда, перенос"
2026-05-08,"День Победы, перенос"
2026-06-11,"День России, перенос"
2026-11-03,"День народного единства, перенос"
