route_number,route_name,length_km,temperature_c,wind_kmh,precipitation_mm,weather,weather_alert,holiday_today,next_holiday,holidays_2024,holidays_2025,holidays_2026,accidents_2024_2026,accidents_per_km,tram_related_accidents,repairs_nearby,major_roads_nearby,traffic_score,emergency_weather,emergency_bulletins,poi_count,poi_examples
1,Чертаново Южное - Москворецкий рынок,15.44,15.0,5.8,0.0,переменная облачность,0,0,"2026-11-03 День народного единства, перенос",5,4,4,104,6.74,12,,,3.4,0,0,29,"Деревлёвский ручей; Чертановская (станция метро); Чертановские пруды; Арена Чертаново; Бирюлёво (бывшая деревня, Москва); Бирюлёво (усадьба); ВНИИНС; Волхонка-ЗИЛ"
7,Метро «Бульвар Рокоссовского» - Белорусский вокзал,32.92,15.0,5.9,0.0,пасмурно,0,0,"2026-11-03 День народного единства, перенос",5,4,4,157,4.77,15,63,175,6.9,0,0,211,"Анарион (сеть салонов сотовой связи); Императорский железнодорожный павильон (Москва); Москва-Каланчёвская; Памятник Константину Рокоссовскому (Москва); Площадь трёх вокзалов (остановочный пункт, Алексеевская соединительная линия); Слава (стадион); ЦНИИКА; 1520 (группа компаний)"
11,Усадьба Останкино - Восточное Измайлово,34.79,15.1,5.9,0.0,пасмурно,0,0,"2026-11-03 День народного единства, перенос",5,4,4,178,5.12,16,,,2.6,0,0,165,"Останкино (бывшее село, Москва); Останкинский район; Российская телевизионная и радиовещательная сеть; Центр эксплуатации объектов наземной космической инфраструктуры; Академия Государственной противопожарной службы МЧС России; Базальт (предприятие); Богатырский мост; Богатырский ручей"
12,Восточное Измайлово - МЦК Дубровка,38.31,15.1,6.2,0.0,пасмурно,0,0,"2026-11-03 День народного единства, перенос",5,4,4,182,4.75,14,13,113,4.5,0,0,161,"НИИ шинной промышленности; Римская; Храм Василия Исповедника у Рогожской заставы; Храм Димитрия Ростовского в Очакове; Авиамоторная (станция метро, Большая кольцевая линия); Авиамоторная (станция метро, Калининская линия); Акадо; АльпИндустрия"
17,Северное Медведково - Усадьба Останкино,23.12,15.1,5.8,0.0,переменная облачность,0,0,"2026-11-03 День народного единства, перенос",5,4,4,190,8.22,24,3,34,4.2,0,0,76,1-й Медведковский мост; Колесо имени 850-летия Москвы; Лосиноостровский электротехнический завод; Школа № 1568; Останкинский район; Blackbird Sound; Академия Государственной противопожарной службы МЧС России; Алексеевское кладбище
25,Усадьба Останкино - Метро «Сокольники»,16.84,15.1,5.9,0.0,пасмурно,0,0,"2026-11-03 День народного единства, перенос",5,4,4,80,4.75,9,,,2.4,0,0,96,"Дача Лямина; Оленьи пруды; Останкино (бывшее село, Москва); Останкинский район; Российская телевизионная и радиовещательная сеть; Ростокинский путепровод; Академия Государственной противопожарной службы МЧС России; Академия ФК «Спартак»"
26,Метро «Университет» - Метро «Октябрьская»,21.22,15.4,5.9,0.0,переменная облачность,0,0,"2026-11-03 День народного единства, перенос",5,4,4,96,4.52,12,3,40,3.4,0,0,117,Бекет (пруд); Автолайн; Голубятня (дача); Площадь 60-летия СССР; Профсоюз журналистов и работников СМИ; Психиатрическая клиническая больница № 1 имени Н. А. Алексеева; АМТ-Груп; Богадельня имени С. А. и А. П. Тарасовых
28,Проспект Маршала Жукова - Метро «Сокол»,14.34,15.2,5.6,0.0,пасмурно,0,0,"2026-11-03 День народного единства, перенос",5,4,4,63,4.39,3,,,2.2,0,0,63,Школа № 1517; 1-й Волоколамский путепровод; Национальный исследовательский центр эпидемиологии и микробиологии имени Н. Ф. Гамалеи; Памятник хирургу Валерию Шумакову; Площадь Академика Вершиловой; Школа № 149 имени Героя Советского Союза Ю. Н. Зыкова; Щукинская (станция метро); 2-й Волоколамский путепровод
50,Проезд Энтузиастов - Метро «Новослободская»,27.47,15.4,6.0,0.0,пасмурно,0,0,"2026-11-03 День народного единства, перенос",5,4,4,115,4.19,14,16,95,4.9,0,0,241,"Авиамоторная (станция метро, Большая кольцевая линия); Авиамоторная (станция метро, Калининская линия); Дангауэровский путепровод; Факел (кинотеатр, Москва); Авиамоторная (платформа); Антроповы Ямы; Ассоциация документальной электросвязи; Государственный научно-исследовательский институт органической химии и технологии"
