станция,широта,долгота,маршруты,аварий,аварий_с_трамваем,раненых_в_среднем,погибших_в_среднем,участников_в_среднем,ремонтов,магистралей,точек_интереса,примеры_точек,температура,ветер_км_ч,осадки_мм,погода,средняя_дистанция_м
1 - й Краснокурсантский проезд,55.763852,37.680333,50,0,0,,,,0,1,8,Всероссийский научно-исследовательский институт авиационных материалов; Главный учебный корпус МГТУ; Императорское Московское техническое училище; Московский государственный технический университет имени Н. Э. Баумана; Общежитие Императорского Московского технического училища; Слободской дворец; Фанагорийские казармы; ЦНИИчермет имени И. П. Бардина,15.4,6.0,0.0,пасмурно,281.71
1 - я Прогонная ул.,55.790425,37.771894,11,0,0,,,,0,0,1,Измайлово (электродепо),15.1,5.9,0.0,пасмурно,177.4
1 - я Прогонная ул.,55.794131,37.696495,7,6,1,1.0,0.0,2.33,0,10,8,Вита (организация); Екатерининская богадельня; Матросская тишина (следственный изолятор); Музей Преображенской больницы; Независимая регистраторская компания; Независимая регистраторская компания Р.О.С.Т.; Преображенский дворец; Психиатрический стационар имени В. А. Гиляровского,15.0,5.9,0.0,пасмурно,191.47
10 - я улица Соколиной Горы,55.742097,37.675894,12,3,0,1.0,0.0,2.0,0,6,6,Здесь на Таганке; Московский художественный институт имени В. И. Сурикова; Музей общественного питания; Первая галерея; РОСИП; Школа № 1468,15.1,6.2,0.0,пасмурно,395.78
13 - я Парковая улица,55.793223,37.797767,12,0,0,,,,0,0,0,,15.1,6.2,0.0,пасмурно,
13 - я Парковая улица,55.825635,37.641893,11,3,1,1.0,0.0,2.0,0,0,2,Памятник де Голлю (Москва); Площадь Шарля де Голля (Москва),15.1,5.9,0.0,пасмурно,190.12
15 - я Парковая улица,55.79344,37.8111,12,1,0,1.0,0.0,2.0,0,0,0,,15.1,6.2,0.0,пасмурно,65.9
15 - я Парковая улица,55.821958,37.630218,11,0,0,,,,0,0,0,,15.1,5.9,0.0,пасмурно,
2 - й Ширяевский переулок,55.814198,37.686727,25,1,0,1.0,0.0,2.0,0,0,1,Дача Лямина,15.1,5.9,0.0,пасмурно,288.55
3 - й Верхний Михайловский проезд,55.680313,37.586389,26,1,1,0.0,1.0,2.0,0,0,5,ВНИИ фундаментальной и прикладной паразитологии животных и растений имени К. И. Скрябина; Институт теоретической и экспериментальной физики; Музей Героев Советского Союза и России; Черёмушки (Московский трамвай); Черёмушки-Знаменское,15.4,5.9,0.0,переменная облачность,176.95
3 - й проезд Подбельского,55.817607,37.717872,7,1,0,1.0,0.0,2.0,0,0,1,Институт глобального климата и экологии,15.0,5.9,0.0,пасмурно,314.5
3 - я Парковая улица,55.783057,37.740665,12,2,0,1.0,0.0,2.0,0,0,0,,15.1,6.2,0.0,пасмурно,79.4
3 - я Парковая улица,55.811176,37.70139,11,0,0,,,,0,0,1,"Богородское (Москва, восток)",15.1,5.9,0.0,пасмурно,220.7
3 - я Рощинская улица,55.686525,37.593871,26,1,0,1.0,0.0,2.0,2,0,1,Котловка (район Москвы),15.4,5.9,0.0,переменная облачность,269.43
3 - я улица Соколиной Горы,55.714252,37.678435,12,9,2,1.0,0.0,2.11,0,1,2,Дубровка (станция МЦК); Шарикоподшипниковский путепровод,15.1,6.2,0.0,пасмурно,146.02
4 - й Самотёчный переулок,55.780632,37.63227,50,4,0,0.75,0.25,2.0,0,8,4,Городская усадьба Кузнецовых; Инженерный корпус Московского метрополитена; Московский метрополитен (предприятие); Набилковское коммерческое училище,15.4,6.0,0.0,пасмурно,104.17
4 - й Самотёчный переулок,55.793428,37.691713,7,6,0,1.0,0.33,2.5,0,9,3,Богадельня братьев Боевых; Больница имени братьев Бахрушиных; Стромынка,15.0,5.9,0.0,пасмурно,104.41
5 - й пр. Подбельского,55.816496,37.728205,7,2,0,0.5,0.5,2.0,0,0,1,Памятник Константину Рокоссовскому (Москва),15.0,5.9,0.0,пасмурно,255.2
5 - я Парковая улица,55.786594,37.748971,12,0,0,,,,0,0,1,Измайлово (гостиничный комплекс),15.1,6.2,0.0,пасмурно,386.0
5 - я Парковая улица,55.816429,37.690768,11,0,0,,,,0,0,4,Богатырский мост; Богатырский ручей; Казённый пруд; Казённый ручей,15.1,5.9,0.0,пасмурно,267.73
5 - я улица Соколиной Горы,55.719724,37.675026,12,2,0,1.0,0.0,1.5,2,0,5,ГПЗ-1; Дубровка (станция метро); Комета (корпорация); Храм Мат-Марьям; Южнопортовый район,15.1,6.2,0.0,пасмурно,296.72
7 - я Парковая улица,55.786758,37.762304,12,0,0,,,,0,0,2,Восточный административный округ; Олений пруд (Измайлово),15.1,6.2,0.0,пасмурно,487.55
7 - я Парковая улица,55.817312,37.679148,11,2,0,1.0,0.0,2.0,0,0,2,"Московский институт философии, литературы и истории; Путяевский ручей",15.1,5.9,0.0,пасмурно,74.42
8 - я улица Соколиной Горы,55.730391,37.661165,12,5,0,1.2,0.0,2.4,0,12,7,Дом купца Виноградова; Крутицкие казармы; Крутицкий теремок; Крутицкое подворье; Музей воды (Москва); Собор Успения Пресвятой Богородицы на Крутицах; Церковь Сорока мучеников Севастийских у Новоспасского монастыря,15.1,6.2,0.0,пасмурно,216.63
9 - я улица Соколиной Горы,55.735273,37.670419,12,4,0,0.75,0.25,2.0,0,10,6,"Государственный музыкально-педагогический институт имени М. М. Ипполитова-Иванова; Крестьянская Застава (площадь); МИРБИС; Победа (кинотеатр, Москва); Рабочий (скульптура); Школа № 498",15.1,6.2,0.0,пасмурно,227.69
Абельмановская Застава,55.780596,37.71842,12,3,0,1.33,0.0,2.67,0,0,4,"Изобреталь Комфорт; Московский политехнический университет; Родина (кинотеатр, Москва); Семёновское (Москва, восток)",15.1,6.2,0.0,пасмурно,226.94
Аптекарский переулок,55.775806,37.650338,50,0,0,,,,0,0,1,Императорский железнодорожный павильон (Москва),15.4,6.0,0.0,пасмурно,60.1
Арбатецкая улица,55.787826,37.762483,12,1,0,1.0,0.0,2.0,0,0,2,Измайлово (усадьба); Церковь Иоасафа Царевича в Измайлове,15.1,6.2,0.0,пасмурно,285.1
Аргуновская улица,55.821932,37.619404,11;25,11,2,1.18,0.0,2.09,0,0,2,Московский региональный центр РТРС; Российская телевизионная и радиовещательная сеть,15.1,5.9,0.0,пасмурно,218.17
Аргуновская улица,55.879972,37.637371,17,6,0,1.0,0.0,2.17,1,0,2,Медведково (исторический район); Посёлок Института пути,15.1,5.8,0.0,переменная облачность,255.47
Астраханский переулок,55.779065,37.615515,7;50,0,0,,,,0,0,5,Напрудная; Памятник Суворову (Москва); Самотёка (исторический район); Студия Саундрама; Суворовская площадь (Москва),15.2,5.95,0.0,пасмурно,193.7
Б. Оленья ул.,55.81796,37.675421,25,0,0,,,,0,0,1,Усадьба П. В. Цигеля,15.1,5.9,0.0,пасмурно,415.4
Б. Ширяевская ул.,55.807703,37.689274,25,0,0,,,,0,0,2,Воентелеком; Дача Смирновых в Сокольниках,15.1,5.9,0.0,пасмурно,193.8
Балаклавский проспект,55.627592,37.597808,1,4,1,1.0,0.25,2.25,0,0,0,,15.0,5.8,0.0,переменная облачность,133.8
Басманный двор,55.780721,37.631398,50,0,0,,,,0,0,2,Дом-музей Михаила Щепкина; Церковь Филиппа Митрополита в Мещанской слободе,15.4,6.0,0.0,пасмурно,97.8
Бассейн,55.7968,37.452358,28,3,0,1.33,0.0,2.0,0,0,3,НИИ вирусологии имени Д. И. Ивановского РАМН; Соболевский ручей; Школа № 1210,15.2,5.6,0.0,пасмурно,436.65
Белорусский вокзал,55.814256,37.734293,7,6,0,1.33,0.0,2.0,0,0,1,Мытищинский путепровод (Москва),15.0,5.9,0.0,пасмурно,125.44
Берингов проезд,55.822666,37.617564,17,0,0,,,,0,0,0,,15.1,5.8,0.0,переменная облачность,
Библиотечная улица,55.761162,37.736392,12,2,0,1.0,0.0,2.0,0,0,1,Москва-Сортировочная (локомотивное депо),15.1,6.2,0.0,пасмурно,309.5
Богатырский мост,55.782922,37.737664,11,3,0,1.0,0.0,2.0,0,0,2,Оптрон (компания); Центральный научно-исследовательский институт «Курс»,15.1,5.9,0.0,пасмурно,171.46
Богородский храм,55.786315,37.747072,11,1,0,1.0,0.0,2.0,0,0,2,Измайлово (станция МЦК); Российский речной регистр,15.1,5.9,0.0,пасмурно,320.3
Богородский храм,55.799207,37.713498,7,1,0,1.0,0.0,2.0,16,0,2,Институт усовершенствования врачей МО РФ; Школа № 1080,15.0,5.9,0.0,пасмурно,147.08
Богородское,55.804931,37.707137,7,2,0,1.0,0.0,2.0,0,0,1,Т8,15.0,5.9,0.0,пасмурно,189.17
Болотниковская улица,55.600207,37.588792,1,4,2,0.75,0.25,2.0,0,0,0,,15.0,5.8,0.0,переменная облачность,129.8
Больница имени Алексеева,55.704334,37.612358,26,5,1,1.2,0.2,2.4,0,3,5,Даниловское кладбище; Кровянка (река); Московский завод технических изделий; Павелецкий путепровод; Храм Сошествия Святого Духа на Даниловском кладбище,15.4,5.9,0.0,переменная облачность,297.38
Ботанический переулок,55.780219,37.635977,7,1,0,1.0,0.0,2.0,0,0,2,Аптекарский огород; Театр С.А.Д.,15.0,5.9,0.0,пасмурно,215.3
Ботанический переулок,55.785178,37.601746,50,0,0,,,,1,0,0,,15.4,6.0,0.0,пасмурно,45.0
ВДНХ (северный вход),55.820102,37.667766,11;25,2,0,1.0,0.0,2.5,0,0,1,Ростокинский путепровод,15.1,5.9,0.0,пасмурно,79.07
ВДНХ (северный вход),55.860242,37.660072,17,3,0,1.0,0.0,1.67,0,0,2,Свиблово (станция метро); Свиблово (электродепо),15.1,5.8,0.0,переменная облачность,344.44
ВДНХ (южный вход),55.826578,37.643839,11;25,10,0,1.0,0.1,2.0,0,3,1,Рабочий и колхозница,15.1,5.9,0.0,пасмурно,214.77
ВДНХ (южный вход),55.871502,37.651317,17,6,2,1.17,0.17,2.33,0,0,1,1-й Медведковский мост,15.1,5.8,0.0,переменная облачность,187.57
Верхний Чертановский пруд,55.640692,37.605593,1,8,0,1.12,0.0,2.38,0,0,3,Чертановская (станция метро); Чертановские пруды; Школа № 1580,15.0,5.8,0.0,переменная облачность,126.69
Верхоянская улица,55.822672,37.618302,17,0,0,,,,0,0,1,"Останкино (бывшее село, Москва)",15.1,5.8,0.0,переменная облачность,52.5
Вольная улица,55.747027,37.684138,12,2,1,1.5,0.0,2.0,5,14,7,Мосгорломбард; Площадь Ильича; Римская; Рогожская Застава; Серп и Молот (платформа); Храм Василия Исповедника у Рогожской заставы; Храм Димитрия Ростовского в Очакове,15.1,6.2,0.0,пасмурно,183.29
Восточное Измайлово,55.794253,37.823099,12,0,0,,,,0,0,0,,15.1,6.2,0.0,пасмурно,
Восточное Измайлово,55.822726,37.616968,11,7,1,1.0,0.0,2.14,0,0,9,"Дубовая роща (парк, Москва); Останкино (парк); Останкино (усадьба); Останкинская телебашня; Останкинский пруд; Пожар на Останкинской телебашне; Седьмое небо (ресторан); Телецентр (станция монорельса)",15.1,5.9,0.0,пасмурно,305.43
Галерея «Измайлово»,55.77987,37.719464,12,6,1,1.17,0.0,2.33,0,0,5,Жилой дом Гусаровых; Российские сети вещания и оповещения; Семёновский Вал; Семёновское кладбище; Храм Воскресения Христова на бывшем Семёновском кладбище,15.1,6.2,0.0,пасмурно,162.94
Галерея «Измайлово»,55.797529,37.714885,11,2,0,1.0,0.0,2.0,11,0,0,,15.1,5.9,0.0,пасмурно,88.87
Гаражная улица,55.720931,37.673867,12,2,0,1.0,0.0,2.0,0,0,1,Европейская подшипниковая корпорация,15.1,6.2,0.0,пасмурно,293.07
Гидропроект,55.787647,37.45409,28,3,0,1.0,0.0,1.67,0,0,1,Школа № 1517,15.2,5.6,0.0,пасмурно,210.45
Главная аллея,55.773464,37.725091,12,2,0,1.0,0.0,3.0,0,0,5,"Крылья Советов (стадион, Москва); НПЦ газотурбостроения «Салют»; Соколиная Гора (район Москвы); Хрюши против; Шестерня Цитроэн",15.1,6.2,0.0,пасмурно,363.14
Главная аллея,55.789771,37.716436,11,5,0,0.8,0.2,2.0,0,0,12,Братское кладбище Никольского единоверческого монастыря; Жилой посёлок «Преображенское»; Мосотделстрой №1; Никольский единоверческий монастырь; Преображенская больница; Преображенская свеча (колокольня); Преображенский Вал; Преображенский рынок,15.1,5.9,0.0,пасмурно,182.49
Главный корпус МИИТ,55.777584,37.668889,50,2,0,1.0,0.0,2.0,0,0,7,ВРК-2; Доходный дом Бурениных; Зверевский центр современного искусства; Красное Село (Москва); Храм Покрова Пресвятой Богородицы в Красном селе; Эльдорадо (сеть магазинов); ЮТВ Холдинг,15.4,6.0,0.0,пасмурно,267.28
Горбатый путепровод,55.743125,37.676928,12,2,0,1.0,0.0,2.0,0,7,1,Рогожский Вал,15.1,6.2,0.0,пасмурно,27.8
Д/к «Компрессор»,55.731135,37.662928,12,8,0,0.88,0.12,2.25,0,0,8,"Акадо; ВТБ (группа компаний); Крестьянская Застава (станция метро); Крутицкий Вал; МультиКарта; Пролетарская (станция метро, Москва); Синтерра; Слово (издательство)",15.1,6.2,0.0,пасмурно,215.52
Д/к «Компрессор»,55.751657,37.716619,50,1,0,1.0,0.0,4.0,0,3,2,"Дангауэровка; Факел (кинотеатр, Москва)",15.4,6.0,0.0,пасмурно,125.47
ДК Зуева,55.819224,37.713922,7,1,0,2.0,0.0,4.0,0,0,0,,15.0,5.9,0.0,пасмурно,205.6
Дворец культуры МИИТ,55.763336,37.680172,50,2,0,1.0,0.0,2.5,0,0,5,Всероссийский художественный научно-реставрационный центр имени И. Э. Грабаря; Лютеранская церковь Святого Михаила (Москва); Научно-мемориальный музей профессора Н. Е. Жуковского; Союз переводчиков России; ЦКБ-29,15.4,6.0,0.0,пасмурно,149.24
Денисовский переулок,55.776704,37.659812,50,5,1,1.0,0.0,2.0,0,7,1,"Комсомольская (станция метро, Сокольническая линия)",15.4,6.0,0.0,пасмурно,55.45
Детская поликлиника,55.810547,37.481476,28,4,1,1.0,0.0,2.0,0,0,2,Памятник хирургу Валерию Шумакову; Стрешнево (станция МЦК),15.2,5.6,0.0,пасмурно,271.62
Детская стоматологическая п - ка,55.638897,37.605478,1,2,0,1.0,0.0,2.0,0,0,1,Деревлёвский ручей,15.0,5.8,0.0,переменная облачность,129.7
Динамовская улица,55.786584,37.751154,12,0,0,,,,0,0,1,"Партизанская (станция метро, Москва)",15.1,6.2,0.0,пасмурно,177.1
Диспансер,55.805787,37.508647,28,10,0,1.5,0.0,2.8,0,0,18,Алабяно-Балтийский тоннель; Алмаз (научно-производственное объединение); Арбатец (сквер); Волоколамская эстакада (Сокол); Волоколамский тоннель; Гидропроект; Дом физиков-ядерщиков на Песчаной улице; Ленинградский тоннель,15.2,5.6,0.0,пасмурно,255.25
Драмтеатр,55.687959,37.544837,26,5,1,1.0,0.0,2.4,0,10,2,Вавиловская (станция метро); Площадь 60-летия СССР,15.4,5.9,0.0,переменная облачность,205.84
Духовской переулок,55.69214,37.60272,26,1,0,1.0,0.0,2.0,0,0,1,Крымская (станция МЦК),15.4,5.9,0.0,переменная облачность,303.85
Душинская улица,55.747157,37.686286,12,4,1,1.25,0.0,2.0,0,3,4,"Золоторожский Вал; Москва-Товарная-Курская; Московский вагоноремонтный завод; Серп и Молот (завод, Москва)",15.1,6.2,0.0,пасмурно,267.31
Загородное шоссе,55.717154,37.608413,26,4,1,1.0,0.0,2.0,0,0,8,Даниловцы (общественное движение); Дом-коммуна РЖСКТ «1-е Замоскворецкое объединение»; Донской монастырь; Межгосударственный банк; Научно-практический психоневрологический центр имени З. П. Соловьёва; Некрополь Донского монастыря; Поисковое движение России; Старость в радость,15.4,5.9,0.0,переменная облачность,224.83
Игральная ул.,55.819254,37.706984,7,5,2,1.0,0.0,2.0,0,0,1,Российская академия ракетных и артиллерийских наук,15.0,5.9,0.0,пасмурно,140.43
Измайловская площадь,55.782531,37.727364,12,0,0,,,,0,0,0,,15.1,6.2,0.0,пасмурно,
Измайловская площадь,55.804264,37.707445,11,4,0,0.5,0.5,2.0,0,0,2,Богородский Вал; Богородское кладбище,15.1,5.9,0.0,пасмурно,120.8
Инновационный университет,55.786697,37.761253,11,0,0,,,,0,0,0,,15.1,5.9,0.0,пасмурно,
Инновационный университет,55.795235,37.708536,7,6,0,1.17,0.0,2.33,5,8,3,"Преображенское (бывшее село, Москва); Храм Преображения Господня в Преображенском; ЦНИИКА",15.0,5.9,0.0,пасмурно,152.87
Каланчёвская улица,55.783496,37.605783,7;50,4,1,0.75,0.25,2.25,0,0,4,Библиотека искусств имени А. П. Боголюбова; Слава (стадион); Студия художников им. В.В.Верещагина МВД России; Сущёвская полицейская часть,15.2,5.95,0.0,пасмурно,344.48
Кинотеатр «Ашхабад»,55.652859,37.60542,1,10,0,1.1,0.0,2.2,0,0,3,Каховская (станция метро); Площадь Академика Вишневского; Севастопольская (станция метро),15.0,5.8,0.0,переменная облачность,180.28
Кинотеатр «Победа»,55.782583,37.729536,12,4,0,1.0,0.0,2.25,0,0,3,Глобалстрой-Инжиниринг; Российский союз эсперантистов; Храм Димитрия Солунского на Благуше,15.1,6.2,0.0,пасмурно,116.0
Кировоградские пруды,55.619155,37.593737,1,5,0,1.0,0.0,2.0,0,0,2,Парк 30-летия Победы (Москва); Чертаново Центральное,15.0,5.8,0.0,переменная облачность,176.96
Кирпичная улица,55.748015,37.697345,12,2,0,1.0,0.0,2.0,0,1,3,Андроново (Москва); Институт стекла; Нижегородское (электродепо),15.1,6.2,0.0,пасмурно,188.16
Клуб Русакова,55.779848,37.620563,7,1,0,1.0,0.0,2.0,6,0,6,"Достоевская (станция метро, Кольцевая линия); Екатерининский сквер (Москва); Капля (река); Памятник Фёдору Толбухину (Москва); Театр зверей имени Дурова; Центральный дом Российской армии имени М. В. Фрунзе",15.0,5.9,0.0,пасмурно,123.42
Культурно - досуговый центр,55.868801,37.663785,17,21,1,0.86,0.14,1.95,0,0,2,Бабушкинская (станция метро); Раевское кладбище,15.1,5.8,0.0,переменная облачность,216.02
Ланинский переулок,55.810894,37.701989,7,1,1,1.0,0.0,2.0,0,0,1,111-108,15.0,5.9,0.0,пасмурно,215.2
Ленинский проспект,55.685459,37.554349,26,3,2,1.33,0.0,2.33,0,0,0,,15.4,5.9,0.0,переменная облачность,106.1
Лесная улица,55.813373,37.696436,7,1,0,1.0,0.0,2.0,0,0,2,Нижний Богородский ручей; Университет Российского инновационного образования,15.0,5.9,0.0,пасмурно,117.4
Леснорядская улица,55.777737,37.587405,7,6,0,1.0,0.0,2.0,0,0,16,Агат (институт); Александро-Невский собор (Москва); Белая площадь; Белые сады; Депо Лесная; Дом культуры имени Зуева; Квартет И; Лига ставок,15.0,5.9,0.0,пасмурно,193.82
Лефортовская набережная,55.776166,37.676451,50,0,0,,,,0,0,4,Завод счётно-аналитических машин имени В. Д. Калмыкова; М.Видео; Митрополичий дом в Бауманском переулке; Москва-Товарная-Рязанская,15.4,6.0,0.0,пасмурно,274.68
Лефортовский мост,55.770192,37.679202,50,4,0,1.0,0.0,2.0,0,0,9,Ассоциация центральных депозитариев Евразии; Бауманская (станция метро); Городская усадьба Матвеевых; Дом П. П. Кувшинникова; Дом Сарептского евангелического общества; Московский детский театр эстрады; Национальный расчётный депозитарий; Усадьба Карабанова,15.4,6.0,0.0,пасмурно,283.72
Лингвистический университет,55.787612,37.717011,11,3,0,1.0,0.0,2.0,0,0,1,МЭС Центра,15.1,5.9,0.0,пасмурно,171.17
Лингвистический университет,55.794233,37.682371,25,1,0,1.0,0.0,1.0,0,0,3,Егерский пруд; Сокольники (музейно-просветительский центр); Школа № 1530 «Школа Ломоносова»,15.1,5.9,0.0,пасмурно,333.2
МГТУ имени Н.Э. Баумана,55.777996,37.668388,50,0,0,,,,0,0,0,,15.4,6.0,0.0,пасмурно,
МИИТ,55.775821,37.677071,50,1,0,1.0,0.0,2.0,0,0,12,"Hobby World; Атомэнергопроект (Москва); Бауманская, 13; Богоявленский собор в Елохове; Голос (мониторинг выборов); Дом Ю. Н. Трубецкого — А. Г. Головкина; ИКС Холдинг; Колокольня старообрядческого храма Святой Екатерины",15.4,6.0,0.0,пасмурно,243.78
МФЦ Южное Медведково,55.860717,37.660009,17,5,0,1.6,0.0,2.2,0,0,0,,15.1,5.8,0.0,переменная облачность,289.1
МЦД Митьково,55.783006,37.595306,7,8,0,1.0,0.0,2.0,0,21,7,"Бутырская тюрьма; Буфф (театр, Москва); Менделеевская (станция метро); Московский тормозной завод; Подпольная типография 1905—1906 гг.; Федеральный фонд обязательного медицинского страхования; Центр имени Всеволода Мейерхольда",15.0,5.9,0.0,пасмурно,249.5
МЦД Москва,55.750672,37.712057,12,8,0,1.0,0.0,2.38,0,5,1,Москабельмет (группа компаний),15.1,6.2,0.0,пасмурно,108.93
МЦД Площадь трёх вокзалов,55.787276,37.602327,7;50,1,0,1.0,0.0,2.0,0,0,2,Храм Тихвинской иконы Божией Матери в Сущёве; Школа № 1501,15.2,5.95,0.0,пасмурно,254.3
МЦК Дубровка,55.793611,37.821883,12,4,1,1.25,0.0,2.25,0,0,3,Восточное Измайлово; Национальный лифтовый союз; Площадь Мазурина,15.1,6.2,0.0,пасмурно,241.1
МЦК Ростокино,55.83206,37.652222,17,6,1,1.0,0.0,2.17,0,8,8,Горячка (река); Московский городской педагогический университет; Музей пассажирского транспорта Москвы; Мытищинский водопровод; Общежитие рабочих ватной фабрики в Ростокине; Ростокино (электродепо монорельса); Ростокинский акведук; Трамвайное депо имени Баумана,15.1,5.8,0.0,переменная облачность,312.54
МЭИ,55.757518,37.698817,50,5,2,1.0,0.0,2.0,0,0,7,Лефортовский Вал; Мосигра; Московский государственный вечерний металлургический институт; Московский политехнический колледж; Памятник лётчикам французского авиаполка «Нормандия-Неман»; Проломная Застава; Сквер Гужона,15.4,6.0,0.0,пасмурно,263.43
Майский просек,55.821419,37.663361,25,10,0,1.2,0.0,2.1,0,0,2,Будайка (приток Яузы); Площадь Академика Люльки,15.1,5.9,0.0,пасмурно,137.56
Малая Андроньевская улица,55.774505,37.724219,12,1,0,1.0,0.0,2.0,0,0,0,,15.1,6.2,0.0,пасмурно,163.2
Малая Остроумовская улица,55.779233,37.630845,7,4,0,1.25,0.0,2.5,0,4,11,1520 (группа компаний); Дом Долговых; Дом Л. И. Долгова; Доходный дом Чулкова; Мещанская полицейская часть (Москва); Музей Серебряного века; Особняк Свечиной — Циммерман — Моргунова; Посольство Шри-Ланки в России,15.0,5.9,0.0,пасмурно,220.56
Метро «Авиамоторная»,55.736318,37.671393,12,3,0,1.0,0.0,2.0,0,2,4,Площадь Абельмановская Застава; Покровский монастырь (Москва); Православное миссионерское общество; Таганский парк (Москва),15.1,6.2,0.0,пасмурно,282.17
Метро «Авиамоторная»,55.754285,37.708577,50,4,1,1.0,0.0,1.75,0,0,5,Европейский пенсионный фонд; Институт электроэнергетики МЭИ; Московский энергетический институт; Особое конструкторское бюро МЭИ; Российская Национальная конференция по теплообмену,15.4,6.0,0.0,пасмурно,126.83
Метро «Бабушкинская»,55.832476,37.652564,17,10,2,1.0,0.1,2.1,0,4,1,Ростокинский дворник,15.1,5.8,0.0,переменная облачность,190.59
Метро «Бауманская»,55.779694,37.642472,50,2,0,1.0,0.0,2.0,0,0,0,,15.4,6.0,0.0,пасмурно,76.8
Метро «Белорусская»,55.817677,37.723774,7,0,0,,,,0,0,1,Анарион (сеть салонов сотовой связи),15.0,5.9,0.0,пасмурно,236.7
Метро «Бульвар Рокоссовского»,55.815137,37.732689,7,2,0,1.0,0.0,2.0,0,0,0,,15.0,5.9,0.0,пасмурно,88.35
Метро «ВДНХ»,55.823841,37.655528,11;25,5,1,1.0,0.0,2.2,1,0,2,Blackbird Sound; Студенец (приток Копытовки),15.1,5.9,0.0,пасмурно,217.12
Метро «ВДНХ»,55.868344,37.663624,17,12,1,1.0,0.0,1.92,0,0,1,Бабушкинский район (Москва),15.1,5.8,0.0,переменная облачность,226.68
Метро «Дубровка»,55.793442,37.813278,12,0,0,,,,0,0,1,Измайлово (аэродром),15.1,6.2,0.0,пасмурно,637.7
Метро «Каховская»,55.607127,37.590435,1,9,0,1.0,0.0,2.0,0,0,2,"Бирюлёво (усадьба); Красное (бывшее село, Москва)",15.0,5.8,0.0,переменная облачность,171.37
Метро «Комсомольская»,55.784236,37.600818,7;50,2,2,1.0,0.0,2.5,0,0,3,Всероссийский НИИ автоматики имени Н. Л. Духова; Новослободская (станция метро); Радиомузей Валерия Громова,15.2,5.95,0.0,пасмурно,305.14
Метро «Красносельская»,55.775886,37.583959,7,12,0,1.0,0.0,2.25,0,16,10,"Белорусская (станция метро, Замоскворецкая линия); Белорусская (станция метро, Кольцевая линия); Белорусский вокзал; Братья Пате (московское представительство); Всероссийский научно-исследовательский институт ветеринарной санитарии, гигиены и экологии; Егоров, Пугинский, Афанасьев и партнёры; Прощание славянки (памятник); Тверская Застава",15.0,5.9,0.0,пасмурно,147.36
Метро «Красносельская»,55.783148,37.610563,50,0,0,,,,0,0,9,В темноте?! (ресторан); Дом Мануйлова (Москва); Лиликанский театр; Мариинская больница (Москва); Музей-квартира Ф. М. Достоевского (Москва); Росмэн; Российский книжный союз; Тень (театр),15.4,6.0,0.0,пасмурно,262.79
Метро «Менделеевская»,55.751732,37.717421,50,4,0,1.0,0.0,2.25,0,6,3,"Авиамоторная (станция метро, Большая кольцевая линия); Авиамоторная (станция метро, Калининская линия); Дангауэровский путепровод",15.4,6.0,0.0,пасмурно,93.86
Метро «Новослободская»,55.753761,37.725252,50,0,0,,,,0,0,1,Московский машиностроительный завод «Вперёд»,15.4,6.0,0.0,пасмурно,472.4
Метро «Октябрьская»,55.692143,37.53687,26,7,1,1.14,0.0,2.29,0,0,1,Памятник Джавахарлалу Неру,15.4,5.9,0.0,переменная облачность,159.1
Метро «Партизанская»,55.766782,37.731143,12,3,2,0.67,0.33,2.0,0,0,0,,15.1,6.2,0.0,пасмурно,132.1
Метро «Партизанская»,55.782239,37.71961,11,6,0,1.0,0.0,2.0,0,0,5,Вест Колл; Всероссийский межнациональный союз молодёжи; Измайловский Вал; Комитет солдатских матерей России; Семёновская площадь (Москва),15.1,5.9,0.0,пасмурно,123.32
Метро «Первомайская»,55.790487,37.771963,12,2,0,0.5,0.5,2.0,0,0,0,,15.1,6.2,0.0,пасмурно,52.1
Метро «Первомайская»,55.820612,37.666134,11,3,0,1.0,0.0,1.67,0,0,2,Копытовка (приток Яузы); Московский государственный открытый университет имени В. С. Черномырдина,15.1,5.9,0.0,пасмурно,182.8
Метро «Площадь Ильича»,55.755586,37.737223,12,3,0,1.33,0.0,2.67,0,3,3,Всероссийский научно-исследовательский геологический нефтяной институт; Концерн «Моринформсистема-Агат»; Перовский ручей (приток Нищенки),15.1,6.2,0.0,пасмурно,222.48
Метро «Преображенская площадь»,55.776721,37.659861,7,0,0,,,,0,1,0,,15.0,5.9,0.0,пасмурно,
Метро «Преображенская площадь»,55.794242,37.823078,11,2,0,1.0,0.0,1.5,0,0,0,,15.1,5.9,0.0,пасмурно,81.2
Метро «Пролетарская»,55.783096,37.74284,12,4,0,1.5,0.0,3.5,0,2,0,,15.1,6.2,0.0,пасмурно,81.15
Метро «Проспект Мира»,55.778298,37.646991,7,2,0,1.0,0.0,2.0,0,0,2,Круговое депо (Москва); Управляющая портовая компания,15.0,5.9,0.0,пасмурно,266.38
Метро «Проспект Мира»,55.789656,37.604037,50,2,1,1.0,0.0,2.0,2,0,4,Гараж Интуриста; Клуб МИИТ; Московский еврейский общинный центр; Сущёвский Вал,15.4,6.0,0.0,пасмурно,292.69
Метро «Профсоюзная»,55.692529,37.603848,26,2,1,1.0,0.0,2.0,0,0,1,Крымская (станция метро),15.4,5.9,0.0,переменная облачность,219.43
Метро «Семёновская»,55.750306,37.71001,12,4,0,1.0,0.0,3.0,0,7,2,Горбатый путепровод; Москабель (завод),15.1,6.2,0.0,пасмурно,281.7
Метро «Семёновская»,55.789463,37.768546,11,0,0,,,,0,0,7,Измайловская Николаевская военная богадельня; Измайловские пруды; Институт искусства реставрации; Памятник Петру I (Измайлово); Ручей Ватной фабрики; Серебряно-Виноградный пруд; Храм Покрова Богородицы в Измайлове,15.1,5.9,0.0,пасмурно,386.53
Метро «Сокол»,55.779958,37.454717,28,4,0,1.25,0.0,2.5,0,0,3,Хорошёво (Москва); Хорошёвская волость (Московская губерния); Храм Живоначальной Троицы в Хорошёве,15.2,5.6,0.0,пасмурно,200.07
Метро «Сокольники»,55.784745,37.605866,7,1,0,1.0,0.0,1.0,0,0,3,Москва — Петушки (памятник); Московский Александровский институт; Площадь Борьбы,15.0,5.9,0.0,пасмурно,99.1
Метро «Сокольники»,55.822726,37.616968,25,0,0,,,,0,0,0,,15.1,5.9,0.0,пасмурно,
Метро «Университет»,55.692736,37.536017,26,7,0,1.14,0.0,2.57,0,8,9,"Большой Московский государственный цирк; Институт мировой культуры МГУ; Научно-исследовательский вычислительный центр МГУ; Памятник Наталии Сац; Памятник Уитмену; Площадь Джавахарлала Неру; Университет (станция метро, Москва); ЭНКА ТЦ",15.4,5.9,0.0,переменная облачность,276.93
Метро «Чертановская»,55.633894,37.603135,1,12,0,0.92,0.08,1.92,0,0,3,Северное Чертаново (микрорайон); Храм Державной иконы Божией Матери в Чертанове; Чертаново (бывшая деревня),15.0,5.8,0.0,переменная облачность,140.25
Метро «Шаболовская»,55.685119,37.553522,26,6,0,1.0,0.0,2.0,0,0,2,Национальный медицинский исследовательский центр здоровья детей; Черёмушкинский рынок,15.4,5.9,0.0,переменная облачность,182.53
Метро «Щукинская»,55.808336,37.496675,28,5,0,1.4,0.2,3.0,0,0,5,Дворец культуры и техники МАИ; Московский авиационный институт; Российский биотехнологический университет; Российский государственный художественно-промышленный университет имени С. Г. Строганова; Школа № 149 имени Героя Советского Союза Ю. Н. Зыкова,15.2,5.6,0.0,пасмурно,243.38
Минаевский переулок,55.760545,37.689843,50,3,0,1.33,0.0,2.67,0,0,9,Анненгоф (Москва); Военная академия бронетанковых войск; Военный институт Министерства обороны СССР; Екатерининский дворец (Москва); Краснокурсантская площадь; Лефортовские казармы; Московский 1-й кадетский корпус; Памятник Платову (Москва),15.4,6.0,0.0,пасмурно,299.07
Миусское депо,55.817974,37.702677,7,2,0,1.0,0.0,2.0,0,0,0,,15.0,5.9,0.0,пасмурно,122.0
Мосгорсуд,55.78637,37.677034,7,6,0,1.0,0.0,2.33,0,6,3,Настюша (компания); Памятник Гастелло (Москва); Союзлифтмонтаж,15.0,5.9,0.0,пасмурно,211.21
Мосгорсуд,55.793205,37.799635,11,4,0,1.0,0.0,1.75,0,0,1,"Первомайская (станция метро, Москва)",15.1,5.9,0.0,пасмурно,82.24
Москворецкий рынок,55.594898,37.591539,1,1,0,1.0,0.0,2.0,0,0,0,,15.0,5.8,0.0,переменная облачность,108.9
Мост Окружной железной дороги,55.760124,37.737273,12,4,1,1.0,0.0,2.5,0,0,4,Клуб Дорожного профсоюза железнодорожников; Лефортово (станция); Максим (компания); НИИ шинной промышленности,15.1,6.2,0.0,пасмурно,223.68
Мост Окружной железной дороги,55.782813,37.733883,11,2,0,1.0,0.0,2.5,0,0,0,,15.1,5.9,0.0,пасмурно,43.35
Новоостаповская улица,55.793209,37.799946,12,5,0,1.0,0.0,2.0,0,0,1,Храм Казанской (Песчанской) иконы Божией Матери в Измайлове,15.1,6.2,0.0,пасмурно,255.42
Новорогожская улица,55.767823,37.730271,12,4,1,1.0,0.0,2.0,0,0,0,,15.1,6.2,0.0,пасмурно,45.65
Новочерёмушкинская улица,55.698081,37.61268,26,2,0,1.0,0.0,3.0,0,0,4,Бекет (пруд); ВНИИгеосистем; Российская академия естественных наук; Школа № 630,15.4,5.9,0.0,переменная облачность,320.15
ОВД «Чертаново Южное»,55.605345,37.590078,1,10,2,1.0,0.1,2.0,0,0,1,Кировоградские пруды,15.0,5.8,0.0,переменная облачность,107.5
Олонецкий проезд,55.839248,37.661119,17,7,0,1.14,0.0,2.86,0,6,2,Ростокино (станция МЦК); Ростокино (станция),15.1,5.8,0.0,переменная облачность,300.58
Ольховская улица,55.779034,37.614165,50,0,0,,,,2,0,3,Опора России; Сад «Эрмитаж» на Божедомке; Сущёво (Москва),15.4,6.0,0.0,пасмурно,160.38
Охотничья улица,55.825045,37.640737,25,6,3,1.17,0.0,2.5,0,0,11,Алексеевское кладбище; Арка главного входа ВДНХ; ВДНХ (станция метро); Выставка достижений народного хозяйства; Выставочный центр (станция монорельса); Главный павильон ВДНХ; Музей космонавтики (Москва); Павильон № 2 «Народное образование» на ВДНХ,15.1,5.9,0.0,пасмурно,312.13
ПКиО «Сокольники»,55.821825,37.629476,25,4,0,1.5,0.0,2.25,0,0,5,Дирекция кино; Ново-Останкино; Останкинский район; Павильон № 7 «Семена» на ВДНХ; Солнце Москвы,15.1,5.9,0.0,пасмурно,369.7
Пантелеевская улица,55.778656,37.610392,7;50,1,0,1.0,0.0,2.0,0,2,9,Жилой дом журнально-газетного объединения; Клуб типографии «Красный пролетарий»; Просвещение (издательство); СПБ Биржа; Типография журнала «Огонёк»; Фондовая биржа РТС; Церковь Николая Чудотворца в Новой Слободе; Церковь Пимена Великого в Новых Воротниках,15.2,5.95,0.0,пасмурно,365.69
Пехотная улица,55.81002,37.464557,28,6,0,1.0,0.0,2.0,0,0,2,Щукинская (платформа); Щукинская (станция метро),15.2,5.6,0.0,пасмурно,238.94
Печорская улица,55.826576,37.64374,17,0,0,,,,0,0,3,Арка северного входа ВДНХ; Московская международная книжная ярмарка; Павильон № 70 «Москва» на ВДНХ,15.1,5.8,0.0,переменная облачность,480.67
Площадь Академика Люльки,55.801028,37.697897,11;25,0,0,,,,0,0,7,Академия ФК «Спартак»; Глебовский мост; Московский НИИ психиатрии; Олений Вал; Олений ручей; Психиатрическая клиническая больница № 4 имени П. Б. Ганнушкина; Храм Рождества Иоанна Предтечи в Сокольниках,15.1,5.9,0.0,пасмурно,245.93
Площадь Борьбы,55.776955,37.660461,50,1,0,1.0,0.0,2.0,0,3,2,"Красный пруд (Красносельский); Северное (электродепо, Москва)",15.4,6.0,0.0,пасмурно,281.13
Площадь Борьбы,55.802518,37.709482,7,3,1,1.0,0.0,1.67,0,0,1,Микромашина (завод),15.0,5.9,0.0,пасмурно,204.15
Погонный проезд,55.815548,37.69698,7,1,0,1.0,0.0,2.0,0,0,1,Храм Преображения Господня в Богородском,15.0,5.9,0.0,пасмурно,113.25
Покровское - Стрешнево,55.808445,37.496268,28,8,0,1.12,0.0,2.5,0,0,6,1-й Волоколамский путепровод; Коптевские Выселки; Музей Московского авиационного института; Общежитие Московского авиационного института; Первый Московский завод радиодеталей; Школа № 1252 имени Сервантеса,15.2,5.6,0.0,пасмурно,301.59
Поликлиника,55.598424,37.588443,1,3,0,1.0,0.0,2.0,0,0,0,,15.0,5.8,0.0,переменная облачность,56.67
Поликлиника,55.778931,37.6238,50,4,2,1.25,0.0,2.5,0,0,2,Героям-олимпийцам России (памятник); Храм Троицы Живоначальной в Троицкой слободе,15.4,6.0,0.0,пасмурно,118.45
Поликлиника,55.872338,37.637628,17,9,1,1.0,0.33,2.0,2,0,2,Школа № 1568; Южное Медведково,15.1,5.8,0.0,переменная облачность,232.59
Преображенская площадь,55.776166,37.649752,7,1,0,1.0,0.0,2.0,0,0,2,"Москва-Каланчёвская; Площадь трёх вокзалов (остановочный пункт, Алексеевская соединительная линия)",15.0,5.9,0.0,пасмурно,73.1
Преображенское кладбище,55.793423,37.810153,11,3,1,1.0,0.0,2.0,0,0,1,Первомайский (кинотеатр),15.1,5.9,0.0,пасмурно,258.25
Проезд Шокальского,55.853513,37.666606,17,4,2,1.0,0.0,2.25,0,0,2,"Дзержинская (платформа, Москва); Лосиноостровский электротехнический завод",15.1,5.8,0.0,переменная облачность,166.77
Проезд Энтузиастов,55.753855,37.726089,50,3,0,1.33,0.0,2.67,0,2,3,Государственный научно-исследовательский институт органической химии и технологии; Компрессор (завод); ТЭЦ-11,15.4,6.0,0.0,пасмурно,286.35
"Проспект Будённого, 24",55.723135,37.664043,12,3,0,1.0,0.0,2.33,0,3,6,Dominion Tower; Амедиа; Подон; Симоновский Вал; Среда (продюсерская компания); Фонд содействия реформированию жилищно-коммунального хозяйства,15.1,6.2,0.0,пасмурно,223.47
Проспект Маршала Жукова,55.780286,37.453807,28,4,0,0.75,0.25,1.5,0,0,3,Континенталь (жилой комплекс); Хорошёвский мост; Южный Октябрьский ручей,15.2,5.6,0.0,пасмурно,335.01
Проспект Мира,55.816704,37.680219,11;25,1,0,1.0,0.0,2.0,0,0,0,,15.1,5.9,0.0,пасмурно,36.4
Радужная улица,55.822138,37.632074,17,0,0,,,,0,0,1,Мемориальный дом-музей академика С. П. Королёва,15.1,5.8,0.0,переменная облачность,132.4
Районный центр «Первомайский»,55.792945,37.784441,12,4,0,1.0,0.0,2.0,0,0,3,Арифметика добра; Даунсайд Ап; Спорт во благо,15.1,6.2,0.0,пасмурно,113.54
Районный центр «Первомайский»,55.824524,37.65362,11,2,0,1.0,0.0,2.0,0,0,0,,15.1,5.9,0.0,пасмурно,60.65
Ростокинский проезд,55.782353,37.72339,11,4,0,1.25,0.0,2.0,0,0,5,Базальт (предприятие); Государственный институт по проектированию заводов основной химии; Машприборинторг; Семёновская (станция метро); Центр эксплуатации объектов наземной космической инфраструктуры,15.1,5.9,0.0,пасмурно,115.74
Ростокинский проезд,55.801189,37.68758,25,2,0,1.0,0.0,2.0,0,0,5,6-й Лучевой просек; Майский просек; Оленьи пруды; Современный музей каллиграфии в России; Храм Тихона Задонского в Сокольниках,15.1,5.9,0.0,пасмурно,348.59
Самотёчная улица,55.778717,37.624727,50,0,0,,,,0,0,6,"Биоэнергия (корпорация); Дом-музей В. М. Васнецова; Московская соборная мечеть; Олимпийский (спортивный комплекс, Москва); Синергия (университет); Синодальный отдел по монастырям и монашеству",15.4,6.0,0.0,пасмурно,258.65
Самотёчная улица,55.78951,37.681635,7,9,2,1.11,0.0,2.0,0,13,4,"Европейская гимназия (Москва); Сокольники (станция метро, Сокольническая линия); Сокольническая площадь; Сокольническая пожарная каланча",15.0,5.9,0.0,пасмурно,140.93
"Севастопольский просп., 1",55.709622,37.606383,26,0,0,,,,0,0,3,Автолайн; Голубятня (дача); Промышленно-металлургический холдинг,15.4,5.9,0.0,переменная облачность,203.67
Северное Медведково,55.887278,37.643705,17,1,0,1.0,0.0,2.0,0,0,1,Школа № 1506,15.1,5.8,0.0,переменная облачность,334.2
Северянинский путепровод,55.826251,37.643196,17,0,0,,,,0,0,1,Колесо имени 850-летия Москвы,15.1,5.8,0.0,переменная облачность,258.9
Селезнёвская улица,55.779675,37.643432,50,0,0,,,,0,0,1,Правительственный вокзал,15.4,6.0,0.0,пасмурно,484.0
Селезнёвская улица,55.795007,37.703648,7,3,0,1.0,0.0,1.67,0,9,8,Делимобиль; Матросский мост; Московский технологический университет (МГУПИ); Оборонпром; Преображенский метромост; Рособоронэкспорт; Товарищество шёлковой мануфактуры; Трамвайное депо имени Русакова,15.0,5.9,0.0,пасмурно,209.65
Сельскохозяйственная улица,55.845679,37.669155,17,12,2,1.0,0.0,2.25,0,4,1,"Ростокино (платформа, Ярославское направление МЖД)",15.1,5.8,0.0,переменная облачность,192.88
Серпуховский Вал,55.677861,37.576586,26,6,0,1.17,0.0,2.17,0,0,7,Институт Китая и современной Азии РАН; Институт океанологии имени П. П. Ширшова РАН; Институт социально-экономических проблем народонаселения РАН; Институт экономики РАН; Научно-исследовательский институт системных исследований; Паратайп; Физико-технологический институт РАН,15.4,5.9,0.0,переменная облачность,303.85
"Симферопольский бульвар, 20",55.614039,37.592185,1,6,2,1.0,0.0,1.67,0,0,0,,15.0,5.8,0.0,переменная облачность,127.52
Социальный фонд России,55.822124,37.631331,17,0,0,,,,0,0,3,Арка южного входа ВДНХ; Круговая кинопанорама; Павильон № 74 «Круговая панорама» на ВДНХ,15.1,5.8,0.0,переменная облачность,537.67
Спортивная школа «Тринта»,55.69745,37.612038,26,11,0,1.0,0.09,2.55,0,0,3,"Верхние Котлы (платформа, Павелецкое направление МЖД); Психиатрическая клиническая больница № 1 имени Н. А. Алексеева; Труд (стадион, Москва)",15.4,5.9,0.0,переменная облачность,240.97
Станция Юных натуралистов,55.792708,37.681177,25,2,0,0.5,0.5,1.5,0,0,5,"Площадь Сокольническая Застава; Сокольники (дворец спорта); Сокольники (район Москвы); Сокольники (станция метро, Большая кольцевая линия); Храм Воскресения Христова в Сокольниках",15.1,5.9,0.0,пасмурно,304.97
Станция Юных натуралистов,55.795411,37.714449,11,5,1,1.0,0.0,2.4,0,7,6,Positive Technologies; Памятник Сергею Бухвостову; Преображенская старообрядческая община (Москва); Российская государственная библиотека для молодёжи; Усадьба Горбунова; Церковь Воздвижения Креста Господня на Преображенском кладбище,15.1,5.9,0.0,пасмурно,180.65
Старообрядческая улица,55.748231,37.699459,12,5,0,1.0,0.0,2.4,0,11,2,Всехсвятский единоверческий монастырь (Москва); Росинтер,15.1,6.2,0.0,пасмурно,150.47
Сумской проезд,55.647675,37.60548,1,2,1,1.0,0.0,2.0,0,0,2,Московская городская организация КПРФ; Союзагрохим,15.0,5.8,0.0,переменная облачность,139.95
Сухонская улица,55.84606,37.669592,17,6,0,1.17,0.0,2.83,0,2,1,Северянинский путепровод,15.1,5.8,0.0,переменная облачность,133.89
Сцена «Мельников»,55.780181,37.610163,7,3,0,1.0,0.0,2.33,0,0,4,Антроповы Ямы; Марс (конструкторское бюро); Мемориальный музей Юрия Сенкевича; Селезнёвские бани,15.0,5.9,0.0,пасмурно,158.14
Театр зверей имени Дурова,55.778824,37.61509,50,1,0,1.0,0.0,2.0,0,0,2,Музей истории ГУЛАГа; Российский университет медицины,15.4,6.0,0.0,пасмурно,224.87
Театр зверей имени Дурова,55.783985,37.674475,7,7,0,1.29,0.0,2.71,0,5,7,Бородино (компания); Дом экспедиции Калинкинского мёдо-пивоваренного товарищества; Митьково (платформа); Москва II-Митьково; Показательные дома для рабочих на Русаковской улице; Русаковский железнодорожный мост; Школа № 1525,15.0,5.9,0.0,пасмурно,156.8
Телерадиокомпания «МИР»,55.79113,37.685679,7,1,0,1.0,0.0,1.0,0,5,6,Дом культуры имени Русакова; Жар-птица (театр); Олимпийский центр имени братьев Знаменских; Сокольнический вагоноремонтно-строительный завод; Сцена «Мельников»; Школа № 1282,15.0,5.9,0.0,пасмурно,175.09
Телерадиокомпания «МИР»,55.792954,37.785331,11,3,0,1.33,0.0,2.33,0,0,2,Всероссийский центр уровня жизни; Институт труда,15.1,5.9,0.0,пасмурно,122.22
Тихвинский пер.,55.757244,37.699528,50,4,0,1.0,0.0,1.75,0,0,3,Всероссийский электротехнический институт; Онланта; Студенческий городок Лефортово,15.4,6.0,0.0,пасмурно,206.14
Товарная,55.753131,37.724632,12,0,0,,,,0,0,2,Кофе Хауз; Центрполиграф,15.1,6.2,0.0,пасмурно,435.85
Трамв. депо им. Русакова,55.779768,37.640692,7,2,1,1.0,0.0,2.5,0,0,5,Балкан (исторический район); Дом поэта А. Н. Майкова; Набилковская богадельня; Российская государственная библиотека для слепых; ЭМАльянс,15.0,5.9,0.0,пасмурно,171.86
Ул. Короленко,55.825259,37.651686,25,5,0,1.0,0.0,1.8,1,1,2,"Академия Государственной противопожарной службы МЧС России; Космос (гостиница, Москва)",15.1,5.9,0.0,пасмурно,163.76
Ул. Образцова,55.769677,37.67927,50,4,0,1.25,0.0,2.5,0,0,12,Городская усадьба XVIII—XIX веков в Старокирочном переулке; Дом А. М. Нестерова; Дом Анны Монс; Дом № 23 по Денисовскому переулку; Идущие вместе; Кукуй (ручей); Лефортовская площадь; Лефортовский дворец,15.4,6.0,0.0,пасмурно,255.24
Ул. Рогова,55.805437,37.452024,28,1,0,1.0,0.0,3.0,0,0,3,"Национальный исследовательский центр эпидемиологии и микробиологии имени Н. Ф. Гамалеи; Площадь Академика Вершиловой; Щукино (бывшая деревня, Москва)",15.2,5.6,0.0,пасмурно,318.52
Улица Академика Зильбера,55.809997,37.464986,28,0,0,,,,0,0,6,Военный городок (Щукино); Детский сад № 333 (Москва); Курчатовская школа; Покровское-Стрешнево (усадьба); Храм Покрова Пресвятой Богородицы в Покровском-Стрешневе; Щукинский лесопарк,15.2,5.6,0.0,пасмурно,630.7
Улица Академика Курчатова,55.810571,37.481047,28,2,1,1.0,0.0,2.0,0,0,4,2-й Волоколамский путепровод; Всероссийский центр медицины катастроф «Защита»; Крымский клуб; Покровское-Стрешнево (платформа),15.2,5.6,0.0,пасмурно,427.43
"Улица Бориса Галушкина, 17",55.807998,37.697606,11;25,0,0,,,,0,0,2,Олений мост (Москва); Стадион академии имени Черенкова,15.1,5.9,0.0,пасмурно,336.75
Улица Буракова,55.724565,37.664026,12,5,0,1.0,0.0,2.2,0,7,1,Лидер (оператор денежных переводов),15.1,6.2,0.0,пасмурно,233.48
Улица Вавилова,55.680604,37.587453,26,4,0,1.0,0.0,1.5,0,0,1,Московский театр Кирилла Королёва,15.4,5.9,0.0,переменная облачность,292.86
Улица Винокурова,55.725357,37.611447,26,4,0,2.25,0.0,2.75,0,21,11,Богадельня имени С. А. и А. П. Тарасовых; Здание бывшего городского мещанского училища (Москва); МИСиС; Морозовская больница; Московская горная академия; Московский государственный горный университет; Пенсионный фонд Российской Федерации; Посольство Уругвая в России,15.4,5.9,0.0,переменная облачность,293.01
Улица Гиляровского,55.775291,37.655643,7,4,0,1.0,0.0,2.0,0,12,12,"Fratria; Казанский вокзал; Комсомольская (станция метро, Кольцевая линия); Комсомольская площадь (Москва); Ленинградский вокзал; Москва-Пассажирская-Казанская; Москва-Пассажирская-Ярославская; Московско-Тверская пригородная пассажирская компания",15.0,5.9,0.0,пасмурно,171.16
Улица Гиляровского,55.787085,37.608739,50,4,0,0.75,0.25,1.75,0,0,10,Бахметьевский гараж; Гараж (музей); Еврейский музей и центр толерантности; Московский институт инженеров путей сообщения императора Николая II; Музей детских театров; Первый дом Российского железнодорожного студенческого кооперативного товарищества; Российская академия путей сообщения; Российский университет транспорта,15.4,6.0,0.0,пасмурно,274.45
Улица Дмитрия Ульянова,55.717844,37.608738,26,4,2,1.0,0.0,2.0,0,0,9,ГПЗ-2; Дом Кушашниковых; Интурист; НПФ Сбербанка; Особняк Гектора Симоно; Русская зима (скульптура); Храм Ризоположения на Донской; Шаболовская,15.4,5.9,0.0,переменная облачность,267.72
Улица Докукина,55.838864,37.660689,17,10,0,0.9,0.1,1.9,0,6,1,Форатек,15.1,5.8,0.0,переменная облачность,222.59
Улица Достоевского,55.77536,37.650991,50,6,0,1.0,0.0,2.0,0,17,7,"Большевичка (швейная фабрика, Москва); Гута (группа компаний); Гута-банк; Дом акционерного общества «Оргаметалл»; Каланчёвский путепровод; Красносельский район (Москва); Международный банк экономического сотрудничества",15.4,6.0,0.0,пасмурно,189.71
Улица Достоевского,55.796609,37.714409,7,2,0,1.0,0.0,2.0,27,2,3,Научно-исследовательский институт дальней радиосвязи; Преображенская площадь (Москва); Преображенская площадь (станция метро),15.0,5.9,0.0,пасмурно,113.23
Улица Ибрагимова,55.752769,37.722583,12,2,1,1.0,0.0,3.5,6,3,2,Авиамоторная (платформа); Дом культуры «Компрессор»,15.1,6.2,0.0,пасмурно,130.25
Улица Ибрагимова,55.786691,37.757459,11,0,0,,,,0,0,0,,15.1,5.9,0.0,пасмурно,
Улица Ивана Бабушкина,55.687128,37.594602,26,5,1,1.0,0.0,2.0,0,0,2,Дом аспиранта и стажёра МГУ; Храм Живоначальной Троицы в Старых Черёмушках,15.4,5.9,0.0,переменная облачность,264.6
Улица Измайловский Вал,55.79264,37.781598,11,2,0,1.0,0.0,2.0,0,0,1,Измайловская,15.1,5.9,0.0,пасмурно,291.4
Улица Лестева,55.68185,37.564968,26,1,0,1.0,0.0,2.0,0,0,1,Новатор (фотоклуб),15.4,5.9,0.0,переменная облачность,510.3
Улица Лефортовский Вал,55.760838,37.689151,50,3,0,1.0,0.0,2.67,0,0,9,Коалиция в защиту Москвы; Красноказарменная площадь; Красные казармы (Москва); Лефортово (район Москвы); Лефортовский мост; Лефортовский парк; Лефортовский тоннель; Новолефортовский мост,15.4,6.0,0.0,пасмурно,256.72
Улица Маршала Тухачевского,55.787833,37.454154,28,7,0,1.0,0.0,2.29,0,0,3,ВНИИНМ; Октябрь (стадион); Серебряный Бор (станция метро),15.2,5.6,0.0,пасмурно,250.91
Улица Молодцова,55.871565,37.650389,17,3,1,1.0,0.0,2.0,0,0,1,"Раево (Москва, север)",15.1,5.8,0.0,переменная облачность,272.38
Улица Палиха,55.753997,37.709273,50,3,1,1.0,0.0,2.33,0,0,3,Ассоциация документальной электросвязи; Всероссийский научно-исследовательский институт по переработке нефти; Московский технический университет связи и информатики,15.4,6.0,0.0,пасмурно,208.92
Улица Палиха,55.808886,37.705577,7,2,0,1.0,0.0,2.0,0,0,2,Богородское (район Москвы); Спартаковец (стадион),15.0,5.9,0.0,пасмурно,221.05
Улица Панфилова,55.805327,37.451684,28,4,1,1.25,0.0,2.25,0,0,2,Алые паруса (жилой комплекс); Строгинский мост,15.2,5.6,0.0,пасмурно,341.07
Улица Преображенский Вал,55.793205,37.795844,11,2,0,1.0,0.0,2.0,0,0,2,Измайловская школа № 1508; Каспийский трубопроводный консорциум,15.1,5.9,0.0,пасмурно,190.8
Улица Сергея Эйзенштейна,55.853161,37.667243,17,5,0,1.0,0.0,2.6,0,0,1,Московский издательско-полиграфический колледж имени Ивана Фёдорова,15.1,5.8,0.0,переменная облачность,375.9
Улица Тихомирова,55.88039,37.637703,17,3,0,0.67,0.33,1.67,0,0,0,,15.1,5.8,0.0,переменная облачность,250.17
Улица Хромова,55.781087,37.669333,7,9,2,0.78,0.22,2.22,0,11,3,Крымский поход на Русь (1571); Русаковская эстакада; Храм Всех Святых в Красном Селе,15.0,5.9,0.0,пасмурно,151.17
Улица Хромова,55.793453,37.813942,11,0,0,,,,0,0,0,,15.1,5.9,0.0,пасмурно,
Улица Цандера,55.822066,37.633164,11;25,5,1,1.2,0.0,2.2,0,0,1,Памятник Сергею Королёву (Москва),15.1,5.9,0.0,пасмурно,199.55
Улица Цандера,55.87187,37.637828,17,12,2,1.0,0.17,2.17,0,0,1,Медведково (село),15.1,5.8,0.0,переменная облачность,180.05
Улица Шверника,55.724658,37.611212,26,1,0,1.0,0.0,2.0,0,0,12,"АМТ-Груп; Голицынская больница; Городская клиническая больница № 1 (Москва); Дело (группа компаний); Дом академиков (Москва); Ленинский, 11; Музей предпринимателей, меценатов и благотворителей; Национальная экологическая компания",15.4,5.9,0.0,переменная облачность,330.62
Улица Щепкина,55.779214,37.665645,7,6,1,0.83,0.17,2.17,0,14,2,Всероссийский научно-исследовательский институт геофизических методов разведки; Красносельская (станция метро),15.0,5.9,0.0,пасмурно,74.46
Улица Щепкина,55.782698,37.610843,50,0,0,,,,0,0,1,"Достоевская (станция метро, Люблинско-Дмитровская линия)",15.4,6.0,0.0,пасмурно,222.2
Университет «РОСБИОТЕХ»,55.796643,37.45247,28,3,0,1.33,0.0,2.33,0,0,0,,15.2,5.6,0.0,пасмурно,367.6
Усадьба Останкино,55.822106,37.61914,11;25,1,0,1.0,0.0,2.0,0,0,0,,15.1,5.9,0.0,пасмурно,135.0
Усадьба Останкино,55.887288,37.643608,17,6,1,1.17,0.0,2.17,0,0,1,Протек,15.1,5.8,0.0,переменная облачность,238.63
Фабрика «Ударница»,55.688476,37.544034,26,4,1,1.25,0.0,2.25,0,0,5,Геофизический центр РАН; Дом преподавателей МГУ; Прогресс Сцена Армена Джигарханяна; Профсоюз журналистов и работников СМИ; Школа № 1533 «ЛИТ»,15.4,5.9,0.0,переменная облачность,228.1
Фортунатовская ул.,55.78448,37.745857,11,5,1,1.8,0.0,3.2,0,2,0,,15.1,5.9,0.0,пасмурно,112.58
Фортунатовская улица,55.75522,37.735176,12,3,0,1.0,0.0,3.0,0,4,1,Владимирский путепровод,15.1,6.2,0.0,пасмурно,120.65
Футбольная школа Чертаново,55.654657,37.60532,1,4,0,1.0,0.0,2.0,0,0,4,Газфонд; Лидер (управляющая компания); НИИМосстрой; Центральный государственный архив Московской области,15.0,5.8,0.0,переменная облачность,212.49
ЦНИИТМАШ,55.792993,37.786615,12,5,1,1.0,0.0,2.2,0,0,2,Измайлово (исторический район); Измайлово (район Москвы),15.1,6.2,0.0,пасмурно,184.3
Центр детского творчества,55.704967,37.611848,26,1,0,1.0,0.0,1.0,0,0,1,Школа № 547,15.4,5.9,0.0,переменная облачность,454.75
Центр здоровья детей,55.681466,37.565962,26,10,0,1.1,0.0,2.5,1,3,10,"Институт научной информации по общественным наукам РАН; Национальный комитет по исследованию БРИКС; Площадь Иосипа Броз Тито; Пожар в библиотеке Института научной информации по общественным наукам РАН; Профсоюзная (станция метро, Москва); Российская ассоциация политической науки; Русский мир (фонд); Сибур",15.4,5.9,0.0,переменная облачность,282.5
Черемушки,55.710323,37.6063,26,5,0,1.0,0.0,2.2,0,0,6,Донская площадь; Мемориал белым воинам в Донском монастыре (Москва); Новое Донское кладбище; Серпуховский Вал; Хавско-Шаболовский жилмассив; Храм Тихвинской иконы Божией Матери на Хавской улице,15.4,5.9,0.0,переменная облачность,299.21
Черноморский бульв.,55.620923,37.594254,1,1,0,1.0,0.0,2.0,0,0,1,РСБ-Групп,15.0,5.8,0.0,переменная облачность,283.95
Чертаново Центральное,55.632267,37.601847,1,6,1,1.0,0.0,2.33,0,0,2,Чертаново (центр образования); Чертаново Северное,15.0,5.8,0.0,переменная облачность,169.99
Чертаново Южное,55.595216,37.588643,1,0,0,,,,0,0,0,,15.0,5.8,0.0,переменная облачность,
"Чертановская ул., 28",55.645877,37.605589,1,3,0,1.33,0.0,2.67,0,0,1,Волхонка-ЗИЛ,15.0,5.8,0.0,переменная облачность,146.2
"Чертановская ул., 44",55.625939,37.596632,1,8,0,1.5,0.12,2.38,0,0,1,Арена Чертаново,15.0,5.8,0.0,переменная облачность,168.89
"Чертановская улица, 53",55.612264,37.591738,1,3,2,1.67,0.0,2.67,0,0,0,,15.0,5.8,0.0,переменная облачность,94.07
Черёмушкинский рынок,55.677485,37.577588,26,0,0,,,,0,0,5,Институт социологии РАН; Новочерёмушкинский пруд; Полимедиа; Российское общество социологов; Шаболово,15.4,5.9,0.0,переменная облачность,199.46
Шарикоподшипниковская ул.,55.791023,37.773889,12,3,0,1.0,0.0,2.0,0,0,3,АльпИндустрия; Измайловская площадь; Первомайская (закрытая станция метро),15.1,6.2,0.0,пасмурно,212.83
Школьный парк,55.658783,37.608489,1,1,1,1.0,0.0,2.0,0,0,2,ВНИИНС; Москворецкий рынок,15.0,5.8,0.0,переменная облачность,263.7
Ярославская улица,55.81382,37.689842,11;25,0,0,,,,0,0,1,Красный богатырь (завод),15.1,5.9,0.0,пасмурно,149.9
