route_id,route_name,transport_type,geometry_type
т1,Метро «Университет» - Метрогородок,Трамвай,MultiLineString
т2,Метро «Чертановская» - МЦД Новогиреево,Трамвай,MultiLineString
5,Метро «Рижская» - Белорусский вокзал,Трамвай,MultiLineString
А,МЦД Калитники - Метро «Чистые пруды»,Трамвай,MultiLineString
2,Курский вокзал - 3-я Владимирская улица,Трамвай,MultiLineString
50,Проезд Энтузиастов - Метро «Новослободская»,Трамвай,MultiLineString
49,Нагатино - Даниловская мануфактура,Трамвай,MultiLineString
47,Нагатино - Метро «Октябрьская»,Трамвай,MultiLineString
4,Метро «Бульвар Рокоссовского» - Курский вокзал,Трамвай,MultiLineString
6,Братцево - Метро «Сокол»,Трамвай,MultiLineString
7,Метро «Бульвар Рокоссовского» - Белорусский вокзал,Трамвай,MultiLineString
46,Метрогородок - МЦД Калитники,Трамвай,MultiLineString
10,Таллинская улица - Метро «Щукинская»,Трамвай,MultiLineString
11,Усадьба Останкино - Восточное Измайлово,Трамвай,MultiLineString
6к,Братцево - Восточный мост,Трамвай,MultiLineString
39,Метро «Университет» - Метро «Чистые пруды»,Трамвай,MultiLineString
43,МЦК Угрешская - Метро «Сокольники»,Трамвай,MultiLineString
12,Восточное Измайлово - МЦК Дубровка,Трамвай,MultiLineString
13,Метрогородок - Каланчёвская улица,Трамвай,MultiLineString
14,Метро «Университет» - Метро «Октябрьская»,Трамвай,MultiLineString
16,Чертаново Южное - Даниловская мануфактура,Трамвай,MultiLineString
17,Северное Медведково - Усадьба Останкино,Трамвай,MultiLineString
21,Таллинская улица - Метро «Щукинская»,Трамвай,MultiLineString
23,Михалково - Метро «Сокол»,Трамвай,MultiLineString
38,Черёмушки - Проезд Энтузиастов,Трамвай,MultiLineString
25,Усадьба Останкино - Метро «Сокольники»,Трамвай,MultiLineString
36,Метрогородок - МЦД Новогиреево,Трамвай,MultiLineString
32,Курский вокзал - Метро «Партизанская»,Трамвай,MultiLineString
31,Проспект Маршала Жукова - Метро «Войковская»,Трамвай,MultiLineString
30,Таллинская улица - Михалково,Трамвай,MultiLineString
29,Метро «Дмитровская» - Михалково,Трамвай,MultiLineString
28,Проспект Маршала Жукова - Метро «Сокол»,Трамвай,MultiLineString
26,Метро «Университет» - Метро «Октябрьская»,Трамвай,MultiLineString
27,Метро «Дмитровская» - Метро «Войковская»,Трамвай,MultiLineString
15,Таллинская улица - Метро «Сокол»,Трамвай,MultiLineString
1,Чертаново Южное - Москворецкий рынок,Трамвай,MultiLineString
