route,date,station,tram
7,2024-02-15,1 - я Прогонная ул.,0
7,2024-10-10,1 - я Прогонная ул.,0
7,2024-10-23,1 - я Прогонная ул.,1
7,2024-11-17,1 - я Прогонная ул.,0
7,2025-03-18,1 - я Прогонная ул.,0
7,2025-12-24,1 - я Прогонная ул.,0
12,2024-01-18,10 - я улица Соколиной Горы,0
12,2024-09-13,10 - я улица Соколиной Горы,0
12,2025-08-09,10 - я улица Соколиной Горы,0
11,2024-01-19,13 - я Парковая улица,0
11,2025-07-08,13 - я Парковая улица,0
11,2026-01-21,13 - я Парковая улица,1
12,2024-02-26,15 - я Парковая улица,0
25,2024-05-29,2 - й Ширяевский переулок,0
26,2024-07-16,3 - й Верхний Михайловский проезд,1
7,2025-01-27,3 - й проезд Подбельского,0
12,2024-06-24,3 - я Парковая улица,0
12,2025-03-05,3 - я Парковая улица,0
26,2025-11-08,3 - я Рощинская улица,0
12,2024-01-13,3 - я улица Соколиной Горы,0
12,2024-08-05,3 - я улица Соколиной Горы,0
12,2024-11-13,3 - я улица Соколиной Горы,0
12,2024-11-23,3 - я улица Соколиной Горы,1
12,2025-08-27,3 - я улица Соколиной Горы,0
12,2025-09-08,3 - я улица Соколиной Горы,0
12,2025-09-21,3 - я улица Соколиной Горы,0
12,2025-12-11,3 - я улица Соколиной Горы,0
12,2026-01-20,3 - я улица Соколиной Горы,1
50,2024-04-05,4 - й Самотёчный переулок,0
7,2024-05-20,4 - й Самотёчный переулок,0
50,2024-07-05,4 - й Самотёчный переулок,0
7,2024-09-30,4 - й Самотёчный переулок,0
50,2024-10-25,4 - й Самотёчный переулок,0
50,2025-03-24,4 - й Самотёчный переулок,0
7,2025-09-08,4 - й Самотёчный переулок,0
7,2025-12-08,4 - й Самотёчный переулок,0
7,2025-12-15,4 - й Самотёчный переулок,0
7,2025-12-16,4 - й Самотёчный переулок,0
7,2024-03-14,5 - й пр. Подбельского,0
7,2024-11-01,5 - й пр. Подбельского,0
12,2024-07-07,5 - я улица Соколиной Горы,0
12,2024-08-29,5 - я улица Соколиной Горы,0
11,2024-06-05,7 - я Парковая улица,0
11,2025-01-09,7 - я Парковая улица,0
12,2025-02-08,8 - я улица Соколиной Горы,0
12,2025-02-21,8 - я улица Соколиной Горы,0
12,2025-02-22,8 - я улица Соколиной Горы,0
12,2025-03-29,8 - я улица Соколиной Горы,0
12,2025-07-29,8 - я улица Соколиной Горы,0
12,2024-07-10,9 - я улица Соколиной Горы,0
12,2024-11-06,9 - я улица Соколиной Горы,0
12,2024-11-08,9 - я улица Соколиной Горы,0
12,2025-10-09,9 - я улица Соколиной Горы,0
12,2024-05-15,Абельмановская Застава,0
12,2025-08-08,Абельмановская Застава,0
12,2025-09-19,Абельмановская Застава,0
12,2025-04-29,Арбатецкая улица,0
17,2024-05-17,Аргуновская улица,0
11,2024-06-29,Аргуновская улица,0
25,2024-06-29,Аргуновская улица,0
11,2024-08-21,Аргуновская улица,0
25,2024-08-21,Аргуновская улица,0
11,2024-09-19,Аргуновская улица,0
25,2024-09-19,Аргуновская улица,0
17,2024-10-01,Аргуновская улица,0
11,2024-11-24,Аргуновская улица,0
25,2024-11-24,Аргуновская улица,0
11,2025-03-19,Аргуновская улица,0
25,2025-03-19,Аргуновская улица,0
11,2025-03-30,Аргуновская улица,1
25,2025-03-30,Аргуновская улица,1
11,2025-04-25,Аргуновская улица,1
25,2025-04-25,Аргуновская улица,1
11,2025-05-10,Аргуновская улица,0
25,2025-05-10,Аргуновская улица,0
17,2025-06-21,Аргуновская улица,0
11,2025-07-30,Аргуновская улица,0
25,2025-07-30,Аргуновская улица,0
17,2025-08-10,Аргуновская улица,0
11,2025-08-14,Аргуновская улица,0
25,2025-08-14,Аргуновская улица,0
17,2025-09-10,Аргуновская улица,0
11,2025-10-31,Аргуновская улица,0
25,2025-10-31,Аргуновская улица,0
17,2025-11-27,Аргуновская улица,0
1,2024-01-26,Балаклавский проспект,0
1,2024-07-22,Балаклавский проспект,0
1,2024-12-25,Балаклавский проспект,1
1,2025-11-08,Балаклавский проспект,0
28,2024-06-18,Бассейн,0
28,2024-08-26,Бассейн,0
28,2025-11-26,Бассейн,0
7,2024-01-09,Белорусский вокзал,0
7,2024-04-18,Белорусский вокзал,0
7,2024-11-06,Белорусский вокзал,0
7,2025-05-15,Белорусский вокзал,0
7,2025-07-31,Белорусский вокзал,0
7,2025-08-29,Белорусский вокзал,0
12,2024-04-04,Библиотечная улица,0
12,2024-04-08,Библиотечная улица,0
11,2024-08-26,Богатырский мост,0
11,2024-09-12,Богатырский мост,0
11,2026-01-08,Богатырский мост,0
11,2025-06-08,Богородский храм,0
7,2025-11-14,Богородский храм,0
7,2025-03-06,Богородское,0
7,2025-12-09,Богородское,0
1,2024-03-01,Болотниковская улица,1
1,2024-08-02,Болотниковская улица,0
1,2024-08-05,Болотниковская улица,1
1,2025-03-30,Болотниковская улица,0
26,2024-05-15,Больница имени Алексеева,1
26,2024-05-17,Больница имени Алексеева,0
26,2024-12-21,Больница имени Алексеева,0
26,2025-02-09,Больница имени Алексеева,0
26,2025-12-25,Больница имени Алексеева,0
7,2025-07-18,Ботанический переулок,0
11,2024-02-02,ВДНХ (северный вход),0
25,2024-02-02,ВДНХ (северный вход),0
17,2024-07-20,ВДНХ (северный вход),0
17,2024-09-09,ВДНХ (северный вход),0
17,2024-10-03,ВДНХ (северный вход),0
11,2025-11-28,ВДНХ (северный вход),0
25,2025-11-28,ВДНХ (северный вход),0
11,2024-01-19,ВДНХ (южный вход),0
25,2024-01-19,ВДНХ (южный вход),0
17,2024-05-29,ВДНХ (южный вход),0
11,2024-06-22,ВДНХ (южный вход),0
25,2024-06-22,ВДНХ (южный вход),0
11,2024-06-24,ВДНХ (южный вход),0
25,2024-06-24,ВДНХ (южный вход),0
11,2024-08-08,ВДНХ (южный вход),0
25,2024-08-08,ВДНХ (южный вход),0
11,2024-09-02,ВДНХ (южный вход),0
25,2024-09-02,ВДНХ (южный вход),0
11,2024-11-19,ВДНХ (южный вход),0
25,2024-11-19,ВДНХ (южный вход),0
17,2024-12-24,ВДНХ (южный вход),1
17,2025-02-01,ВДНХ (южный вход),0
17,2025-03-05,ВДНХ (южный вход),0
11,2025-03-31,ВДНХ (южный вход),0
25,2025-03-31,ВДНХ (южный вход),0
17,2025-05-28,ВДНХ (южный вход),0
11,2025-06-24,ВДНХ (южный вход),0
25,2025-06-24,ВДНХ (южный вход),0
17,2025-06-26,ВДНХ (южный вход),1
11,2025-10-21,ВДНХ (южный вход),0
25,2025-10-21,ВДНХ (южный вход),0
11,2026-01-20,ВДНХ (южный вход),0
25,2026-01-20,ВДНХ (южный вход),0
1,2024-03-23,Верхний Чертановский пруд,0
1,2024-03-27,Верхний Чертановский пруд,0
1,2024-09-30,Верхний Чертановский пруд,0
1,2024-12-17,Верхний Чертановский пруд,0
1,2025-03-29,Верхний Чертановский пруд,0
1,2025-04-28,Верхний Чертановский пруд,0
1,2025-05-09,Верхний Чертановский пруд,0
1,2025-11-06,Верхний Чертановский пруд,0
12,2025-06-27,Вольная улица,0
12,2025-08-08,Вольная улица,1
11,2024-03-06,Восточное Измайлово,0
11,2024-06-04,Восточное Измайлово,0
11,2024-07-03,Восточное Измайлово,0
11,2024-07-09,Восточное Измайлово,1
11,2025-08-07,Восточное Измайлово,0
11,2025-09-06,Восточное Измайлово,0
11,2025-10-29,Восточное Измайлово,0
12,2024-01-19,Галерея «Измайлово»,0
12,2024-04-03,Галерея «Измайлово»,0
11,2024-09-15,Галерея «Измайлово»,0
12,2025-04-02,Галерея «Измайлово»,0
12,2025-04-18,Галерея «Измайлово»,0
12,2025-05-26,Галерея «Измайлово»,0
12,2025-06-18,Галерея «Измайлово»,1
11,2025-07-23,Галерея «Измайлово»,0
12,2024-10-02,Гаражная улица,0
12,2025-04-22,Гаражная улица,0
28,2024-02-05,Гидропроект,0
28,2024-09-11,Гидропроект,0
28,2025-10-29,Гидропроект,0
12,2024-01-24,Главная аллея,0
11,2024-07-28,Главная аллея,0
11,2024-08-12,Главная аллея,0
11,2025-01-16,Главная аллея,0
12,2025-02-15,Главная аллея,0
11,2025-03-12,Главная аллея,0
11,2025-10-03,Главная аллея,0
50,2024-08-02,Главный корпус МИИТ,0
50,2024-10-25,Главный корпус МИИТ,0
12,2024-06-12,Горбатый путепровод,0
12,2024-12-19,Горбатый путепровод,0
12,2024-02-07,Д/к «Компрессор»,0
12,2024-04-04,Д/к «Компрессор»,0
12,2024-06-25,Д/к «Компрессор»,0
50,2024-09-13,Д/к «Компрессор»,0
12,2024-11-19,Д/к «Компрессор»,0
12,2025-03-02,Д/к «Компрессор»,0
12,2025-03-08,Д/к «Компрессор»,0
12,2025-08-16,Д/к «Компрессор»,0
12,2025-10-30,Д/к «Компрессор»,0
7,2025-07-12,ДК Зуева,0
50,2025-03-15,Дворец культуры МИИТ,0
50,2025-09-10,Дворец культуры МИИТ,0
50,2024-01-11,Денисовский переулок,0
50,2025-01-26,Денисовский переулок,0
50,2025-06-04,Денисовский переулок,0
50,2025-09-24,Денисовский переулок,1
50,2025-10-20,Денисовский переулок,0
28,2024-06-18,Детская поликлиника,0
28,2024-08-28,Детская поликлиника,0
28,2025-08-30,Детская поликлиника,1
28,2025-11-19,Детская поликлиника,0
1,2024-09-09,Детская стоматологическая п - ка,0
1,2025-08-10,Детская стоматологическая п - ка,0
28,2024-04-24,Диспансер,0
28,2024-07-16,Диспансер,0
28,2024-09-06,Диспансер,0
28,2025-03-11,Диспансер,0
28,2025-04-21,Диспансер,0
28,2025-06-26,Диспансер,0
28,2025-07-24,Диспансер,0
28,2025-09-26,Диспансер,0
28,2025-10-25,Диспансер,0
28,2025-12-25,Диспансер,0
26,2024-06-05,Драмтеатр,1
26,2024-08-11,Драмтеатр,0
26,2024-09-04,Драмтеатр,0
26,2024-10-07,Драмтеатр,0
26,2024-11-13,Драмтеатр,0
26,2025-05-20,Духовской переулок,0
12,2024-06-08,Душинская улица,0
12,2024-07-15,Душинская улица,0
12,2025-02-16,Душинская улица,0
12,2025-12-09,Душинская улица,1
26,2024-03-03,Загородное шоссе,1
26,2024-03-24,Загородное шоссе,0
26,2025-08-28,Загородное шоссе,0
26,2025-12-14,Загородное шоссе,0
7,2024-01-04,Игральная ул.,1
7,2024-04-12,Игральная ул.,1
7,2024-04-15,Игральная ул.,0
7,2025-07-19,Игральная ул.,0
7,2025-10-28,Игральная ул.,0
11,2024-04-17,Измайловская площадь,0
11,2024-07-14,Измайловская площадь,0
11,2025-01-27,Измайловская площадь,0
11,2026-01-08,Измайловская площадь,0
7,2024-08-06,Инновационный университет,0
7,2024-09-03,Инновационный университет,0
7,2024-09-30,Инновационный университет,0
7,2025-01-19,Инновационный университет,0
7,2025-02-20,Инновационный университет,0
7,2025-04-20,Инновационный университет,0
7,2024-07-05,Каланчёвская улица,0
50,2024-07-05,Каланчёвская улица,0
7,2024-09-02,Каланчёвская улица,0
50,2024-09-02,Каланчёвская улица,0
7,2024-10-05,Каланчёвская улица,0
50,2024-10-05,Каланчёвская улица,0
7,2025-01-28,Каланчёвская улица,1
50,2025-01-28,Каланчёвская улица,1
1,2024-08-30,Кинотеатр «Ашхабад»,0
1,2024-09-24,Кинотеатр «Ашхабад»,0
1,2024-10-29,Кинотеатр «Ашхабад»,0
1,2025-02-10,Кинотеатр «Ашхабад»,0
1,2025-07-07,Кинотеатр «Ашхабад»,0
1,2025-08-09,Кинотеатр «Ашхабад»,0
1,2025-09-22,Кинотеатр «Ашхабад»,0
1,2025-10-02,Кинотеатр «Ашхабад»,0
1,2025-10-24,Кинотеатр «Ашхабад»,0
1,2025-11-16,Кинотеатр «Ашхабад»,0
12,2024-04-15,Кинотеатр «Победа»,0
12,2024-06-12,Кинотеатр «Победа»,0
12,2025-08-21,Кинотеатр «Победа»,0
12,2025-12-12,Кинотеатр «Победа»,0
1,2024-06-17,Кировоградские пруды,0
1,2024-09-30,Кировоградские пруды,0
1,2025-04-06,Кировоградские пруды,0
1,2025-05-27,Кировоградские пруды,0
1,2025-10-22,Кировоградские пруды,0
12,2024-02-15,Кирпичная улица,0
12,2025-05-23,Кирпичная улица,0
7,2024-09-26,Клуб Русакова,0
17,2024-01-24,Культурно - досуговый центр,0
17,2024-02-15,Культурно - досуговый центр,0
17,2024-03-01,Культурно - досуговый центр,0
17,2024-03-06,Культурно - досуговый центр,0
17,2024-05-12,Культурно - досуговый центр,0
17,2024-05-15,Культурно - досуговый центр,0
17,2024-06-07,Культурно - досуговый центр,0
17,2024-06-16,Культурно - досуговый центр,0
17,2024-07-01,Культурно - досуговый центр,0
17,2024-07-20,Культурно - досуговый центр,0
17,2024-11-17,Культурно - досуговый центр,0
17,2024-12-25,Культурно - досуговый центр,0
17,2025-03-04,Культурно - досуговый центр,0
17,2025-03-08,Культурно - досуговый центр,0
17,2025-04-21,Культурно - досуговый центр,0
17,2025-05-06,Культурно - досуговый центр,0
17,2025-05-13,Культурно - досуговый центр,0
17,2025-08-14,Культурно - досуговый центр,0
17,2025-09-17,Культурно - досуговый центр,0
17,2025-10-07,Культурно - досуговый центр,0
17,2025-10-29,Культурно - досуговый центр,1
7,2024-10-31,Ланинский переулок,1
26,2024-09-12,Ленинский проспект,1
26,2024-11-13,Ленинский проспект,0
26,2025-08-15,Ленинский проспект,1
7,2024-05-06,Лесная улица,0
7,2024-07-29,Леснорядская улица,0
7,2024-12-05,Леснорядская улица,0
7,2025-06-16,Леснорядская улица,0
7,2025-09-08,Леснорядская улица,0
7,2025-11-14,Леснорядская улица,0
7,2025-12-15,Леснорядская улица,0
50,2024-11-22,Лефортовский мост,0
50,2025-03-30,Лефортовский мост,0
50,2025-07-27,Лефортовский мост,0
50,2025-08-17,Лефортовский мост,0
11,2024-01-13,Лингвистический университет,0
11,2024-03-27,Лингвистический университет,0
25,2024-06-04,Лингвистический университет,0
11,2024-10-29,Лингвистический университет,0
50,2024-07-21,МИИТ,0
17,2024-07-16,МФЦ Южное Медведково,0
17,2024-10-16,МФЦ Южное Медведково,0
17,2025-06-05,МФЦ Южное Медведково,0
17,2025-07-29,МФЦ Южное Медведково,0
17,2025-09-03,МФЦ Южное Медведково,0
7,2024-02-29,МЦД Митьково,0
7,2025-04-17,МЦД Митьково,0
7,2025-06-28,МЦД Митьково,0
7,2025-07-15,МЦД Митьково,0
7,2025-09-21,МЦД Митьково,0
7,2025-09-22,МЦД Митьково,0
7,2025-11-22,МЦД Митьково,0
7,2025-12-08,МЦД Митьково,0
12,2024-07-15,МЦД Москва,0
12,2024-11-21,МЦД Москва,0
12,2024-11-26,МЦД Москва,0
12,2025-03-03,МЦД Москва,0
12,2025-03-16,МЦД Москва,0
12,2025-06-28,МЦД Москва,0
12,2025-07-05,МЦД Москва,0
12,2025-10-14,МЦД Москва,0
7,2025-05-16,МЦД Площадь трёх вокзалов,0
50,2025-05-16,МЦД Площадь трёх вокзалов,0
12,2024-05-24,МЦК Дубровка,0
12,2024-11-21,МЦК Дубровка,0
12,2025-06-25,МЦК Дубровка,0
12,2025-11-16,МЦК Дубровка,1
17,2024-03-10,МЦК Ростокино,0
17,2024-07-15,МЦК Ростокино,0
17,2024-08-01,МЦК Ростокино,1
17,2025-03-31,МЦК Ростокино,0
17,2025-05-30,МЦК Ростокино,0
17,2025-08-22,МЦК Ростокино,0
50,2024-03-16,МЭИ,0
50,2024-08-14,МЭИ,0
50,2024-08-28,МЭИ,1
50,2025-05-04,МЭИ,1
50,2025-07-20,МЭИ,0
25,2024-01-18,Майский просек,0
25,2024-04-07,Майский просек,0
25,2024-06-15,Майский просек,0
25,2024-07-26,Майский просек,0
25,2024-11-21,Майский просек,0
25,2025-03-25,Майский просек,0
25,2025-04-19,Майский просек,0
25,2025-07-16,Майский просек,0
25,2025-07-28,Майский просек,0
25,2025-09-19,Майский просек,0
12,2025-06-03,Малая Андроньевская улица,0
7,2024-09-06,Малая Остроумовская улица,0
7,2024-09-21,Малая Остроумовская улица,0
7,2024-10-22,Малая Остроумовская улица,0
7,2025-12-09,Малая Остроумовская улица,0
12,2024-07-10,Метро «Авиамоторная»,0
12,2024-07-17,Метро «Авиамоторная»,0
50,2024-08-11,Метро «Авиамоторная»,1
50,2025-03-05,Метро «Авиамоторная»,0
50,2025-07-12,Метро «Авиамоторная»,0
50,2025-07-28,Метро «Авиамоторная»,0
12,2025-08-07,Метро «Авиамоторная»,0
17,2024-07-04,Метро «Бабушкинская»,0
17,2024-07-06,Метро «Бабушкинская»,1
17,2024-07-25,Метро «Бабушкинская»,0
17,2025-03-25,Метро «Бабушкинская»,0
17,2025-04-15,Метро «Бабушкинская»,0
17,2025-04-27,Метро «Бабушкинская»,0
17,2025-07-25,Метро «Бабушкинская»,0
17,2025-08-20,Метро «Бабушкинская»,0
17,2025-09-24,Метро «Бабушкинская»,1
17,2025-10-06,Метро «Бабушкинская»,0
50,2024-03-11,Метро «Бауманская»,0
50,2024-08-08,Метро «Бауманская»,0
7,2024-12-12,Метро «Бульвар Рокоссовского»,0
7,2025-07-15,Метро «Бульвар Рокоссовского»,0
17,2024-04-03,Метро «ВДНХ»,0
11,2024-06-18,Метро «ВДНХ»,0
25,2024-06-18,Метро «ВДНХ»,0
17,2024-07-17,Метро «ВДНХ»,1
17,2024-08-01,Метро «ВДНХ»,0
17,2024-08-20,Метро «ВДНХ»,0
11,2024-10-02,Метро «ВДНХ»,0
25,2024-10-02,Метро «ВДНХ»,0
17,2024-10-10,Метро «ВДНХ»,0
17,2024-10-19,Метро «ВДНХ»,0
17,2024-11-19,Метро «ВДНХ»,0
11,2024-11-21,Метро «ВДНХ»,0
25,2024-11-21,Метро «ВДНХ»,0
11,2025-05-12,Метро «ВДНХ»,0
25,2025-05-12,Метро «ВДНХ»,0
11,2025-06-10,Метро «ВДНХ»,1
25,2025-06-10,Метро «ВДНХ»,1
17,2025-07-02,Метро «ВДНХ»,0
17,2025-08-23,Метро «ВДНХ»,0
17,2025-08-25,Метро «ВДНХ»,0
17,2025-08-30,Метро «ВДНХ»,0
17,2025-11-06,Метро «ВДНХ»,0
1,2024-03-13,Метро «Каховская»,0
1,2024-06-01,Метро «Каховская»,0
1,2024-07-13,Метро «Каховская»,0
1,2024-08-20,Метро «Каховская»,0
1,2024-10-05,Метро «Каховская»,0
1,2025-02-15,Метро «Каховская»,0
1,2025-03-24,Метро «Каховская»,0
1,2025-09-07,Метро «Каховская»,0
1,2026-01-23,Метро «Каховская»,0
7,2025-04-08,Метро «Комсомольская»,1
50,2025-04-08,Метро «Комсомольская»,1
7,2026-01-13,Метро «Комсомольская»,1
50,2026-01-13,Метро «Комсомольская»,1
7,2024-01-08,Метро «Красносельская»,0
7,2024-03-19,Метро «Красносельская»,0
7,2024-05-07,Метро «Красносельская»,0
7,2024-05-25,Метро «Красносельская»,0
7,2024-06-13,Метро «Красносельская»,0
7,2024-06-21,Метро «Красносельская»,0
7,2024-12-26,Метро «Красносельская»,0
7,2025-02-07,Метро «Красносельская»,0
7,2025-05-23,Метро «Красносельская»,0
7,2025-06-28,Метро «Красносельская»,0
7,2025-08-04,Метро «Красносельская»,0
7,2025-09-19,Метро «Красносельская»,0
50,2024-04-19,Метро «Менделеевская»,0
50,2024-06-21,Метро «Менделеевская»,0
50,2024-12-16,Метро «Менделеевская»,0
50,2025-04-02,Метро «Менделеевская»,0
26,2024-08-30,Метро «Октябрьская»,0
26,2024-10-17,Метро «Октябрьская»,1
26,2024-12-04,Метро «Октябрьская»,0
26,2024-12-07,Метро «Октябрьская»,0
26,2025-01-21,Метро «Октябрьская»,0
26,2025-07-04,Метро «Октябрьская»,0
26,2025-10-12,Метро «Октябрьская»,0
12,2024-01-23,Метро «Партизанская»,1
12,2024-02-22,Метро «Партизанская»,0
11,2024-09-04,Метро «Партизанская»,0
11,2024-09-19,Метро «Партизанская»,0
11,2024-09-20,Метро «Партизанская»,0
11,2025-02-19,Метро «Партизанская»,0
11,2025-09-30,Метро «Партизанская»,0
12,2025-11-15,Метро «Партизанская»,1
11,2025-12-27,Метро «Партизанская»,0
12,2024-01-11,Метро «Первомайская»,0
11,2024-08-08,Метро «Первомайская»,0
11,2024-11-21,Метро «Первомайская»,0
11,2025-06-08,Метро «Первомайская»,0
12,2025-10-06,Метро «Первомайская»,0
12,2024-03-09,Метро «Площадь Ильича»,0
12,2024-10-05,Метро «Площадь Ильича»,0
12,2025-03-20,Метро «Площадь Ильича»,0
11,2024-04-09,Метро «Преображенская площадь»,0
11,2025-01-09,Метро «Преображенская площадь»,0
12,2024-08-14,Метро «Пролетарская»,0
12,2024-11-27,Метро «Пролетарская»,0
12,2025-09-04,Метро «Пролетарская»,0
12,2025-09-15,Метро «Пролетарская»,0
50,2024-01-08,Метро «Проспект Мира»,1
50,2024-09-19,Метро «Проспект Мира»,0
7,2025-03-12,Метро «Проспект Мира»,0
7,2025-10-18,Метро «Проспект Мира»,0
26,2024-02-27,Метро «Профсоюзная»,1
26,2025-11-11,Метро «Профсоюзная»,0
12,2024-03-23,Метро «Семёновская»,0
12,2024-09-18,Метро «Семёновская»,0
12,2025-03-27,Метро «Семёновская»,0
12,2025-12-22,Метро «Семёновская»,0
28,2024-01-06,Метро «Сокол»,0
28,2024-02-09,Метро «Сокол»,0
28,2024-07-15,Метро «Сокол»,0
28,2025-03-16,Метро «Сокол»,0
7,2024-10-04,Метро «Сокольники»,0
26,2024-09-29,Метро «Университет»,0
26,2025-01-11,Метро «Университет»,0
26,2025-02-17,Метро «Университет»,0
26,2025-04-05,Метро «Университет»,0
26,2025-08-18,Метро «Университет»,0
26,2025-09-21,Метро «Университет»,0
26,2025-10-02,Метро «Университет»,0
1,2024-02-23,Метро «Чертановская»,0
1,2024-04-07,Метро «Чертановская»,0
1,2024-04-27,Метро «Чертановская»,0
1,2024-06-14,Метро «Чертановская»,0
1,2024-07-03,Метро «Чертановская»,0
1,2024-11-16,Метро «Чертановская»,0
1,2025-06-08,Метро «Чертановская»,0
1,2025-07-23,Метро «Чертановская»,0
1,2025-08-01,Метро «Чертановская»,0
1,2025-08-14,Метро «Чертановская»,0
1,2025-11-10,Метро «Чертановская»,0
1,2025-12-12,Метро «Чертановская»,0
26,2024-06-03,Метро «Шаболовская»,0
26,2024-07-16,Метро «Шаболовская»,0
26,2024-09-09,Метро «Шаболовская»,0
26,2024-09-19,Метро «Шаболовская»,0
26,2025-06-18,Метро «Шаболовская»,0
26,2025-07-07,Метро «Шаболовская»,0
28,2024-01-06,Метро «Щукинская»,0
28,2024-02-07,Метро «Щукинская»,0
28,2024-03-02,Метро «Щукинская»,0
28,2025-01-13,Метро «Щукинская»,0
28,2025-11-12,Метро «Щукинская»,0
50,2024-01-08,Минаевский переулок,0
50,2024-07-06,Минаевский переулок,0
50,2025-10-01,Минаевский переулок,0
7,2024-06-29,Миусское депо,0
7,2025-04-21,Миусское депо,0
7,2024-01-03,Мосгорсуд,0
7,2024-06-04,Мосгорсуд,0
7,2024-09-08,Мосгорсуд,0
7,2024-09-14,Мосгорсуд,0
11,2024-09-16,Мосгорсуд,0
7,2024-09-27,Мосгорсуд,0
7,2024-12-19,Мосгорсуд,0
11,2025-05-28,Мосгорсуд,0
11,2025-06-02,Мосгорсуд,0
11,2025-12-20,Мосгорсуд,0
1,2024-07-12,Москворецкий рынок,0
12,2024-04-09,Мост Окружной железной дороги,0
12,2024-04-22,Мост Окружной железной дороги,1
12,2024-07-25,Мост Окружной железной дороги,0
11,2024-08-28,Мост Окружной железной дороги,0
11,2025-02-27,Мост Окружной железной дороги,0
12,2025-12-18,Мост Окружной железной дороги,0
12,2024-01-26,Новоостаповская улица,0
12,2024-07-09,Новоостаповская улица,0
12,2025-04-13,Новоостаповская улица,0
12,2025-04-16,Новоостаповская улица,0
12,2025-09-30,Новоостаповская улица,0
12,2024-07-14,Новорогожская улица,0
12,2024-11-30,Новорогожская улица,0
12,2025-04-12,Новорогожская улица,1
12,2025-06-02,Новорогожская улица,0
26,2025-01-25,Новочерёмушкинская улица,0
26,2025-09-26,Новочерёмушкинская улица,0
1,2024-03-19,ОВД «Чертаново Южное»,0
1,2024-05-20,ОВД «Чертаново Южное»,0
1,2024-05-22,ОВД «Чертаново Южное»,0
1,2024-06-21,ОВД «Чертаново Южное»,0
1,2024-11-09,ОВД «Чертаново Южное»,0
1,2024-12-20,ОВД «Чертаново Южное»,1
1,2025-06-10,ОВД «Чертаново Южное»,0
1,2025-09-24,ОВД «Чертаново Южное»,1
1,2025-10-16,ОВД «Чертаново Южное»,0
1,2025-11-18,ОВД «Чертаново Южное»,0
17,2024-06-27,Олонецкий проезд,0
17,2024-07-20,Олонецкий проезд,0
17,2024-09-16,Олонецкий проезд,0
17,2024-12-13,Олонецкий проезд,0
17,2025-07-03,Олонецкий проезд,0
17,2025-09-19,Олонецкий проезд,0
17,2025-09-21,Олонецкий проезд,0
25,2024-06-30,Охотничья улица,0
25,2024-08-19,Охотничья улица,1
25,2024-09-20,Охотничья улица,0
25,2025-06-14,Охотничья улица,0
25,2025-11-27,Охотничья улица,1
25,2026-01-08,Охотничья улица,1
25,2024-06-18,ПКиО «Сокольники»,0
25,2024-09-05,ПКиО «Сокольники»,0
25,2025-05-23,ПКиО «Сокольники»,0
25,2025-06-04,ПКиО «Сокольники»,0
7,2024-11-24,Пантелеевская улица,0
50,2024-11-24,Пантелеевская улица,0
28,2024-01-24,Пехотная улица,0
28,2024-03-13,Пехотная улица,0
28,2024-07-13,Пехотная улица,0
28,2024-08-27,Пехотная улица,0
28,2024-12-04,Пехотная улица,0
28,2025-12-04,Пехотная улица,0
50,2024-03-24,Площадь Борьбы,0
7,2025-01-12,Площадь Борьбы,0
7,2025-10-18,Площадь Борьбы,1
7,2025-11-01,Площадь Борьбы,0
7,2024-04-12,Погонный проезд,0
28,2024-05-27,Покровское - Стрешнево,0
28,2024-05-31,Покровское - Стрешнево,0
28,2024-06-08,Покровское - Стрешнево,0
28,2024-08-25,Покровское - Стрешнево,0
28,2024-11-04,Покровское - Стрешнево,0
28,2025-02-06,Покровское - Стрешнево,0
28,2025-03-02,Покровское - Стрешнево,0
28,2025-08-14,Покровское - Стрешнево,0
1,2024-04-12,Поликлиника,0
17,2024-04-12,Поликлиника,1
1,2024-05-24,Поликлиника,0
17,2024-06-23,Поликлиника,0
1,2024-08-08,Поликлиника,0
17,2024-09-30,Поликлиника,0
17,2024-10-31,Поликлиника,0
17,2024-11-15,Поликлиника,0
17,2025-01-22,Поликлиника,0
50,2025-01-29,Поликлиника,1
50,2025-03-25,Поликлиника,1
17,2025-09-02,Поликлиника,0
17,2025-10-02,Поликлиника,0
50,2025-10-10,Поликлиника,0
17,2025-11-02,Поликлиника,0
50,2025-11-12,Поликлиника,0
7,2024-05-20,Преображенская площадь,0
11,2024-03-12,Преображенское кладбище,0
11,2025-07-29,Преображенское кладбище,1
11,2025-12-20,Преображенское кладбище,0
17,2024-05-08,Проезд Шокальского,1
17,2024-10-17,Проезд Шокальского,0
17,2025-08-19,Проезд Шокальского,1
17,2025-10-07,Проезд Шокальского,0
50,2024-02-19,Проезд Энтузиастов,0
50,2024-07-09,Проезд Энтузиастов,0
50,2025-11-16,Проезд Энтузиастов,0
12,2024-02-04,"Проспект Будённого, 24",0
12,2024-06-18,"Проспект Будённого, 24",0
12,2025-08-02,"Проспект Будённого, 24",0
28,2024-06-11,Проспект Маршала Жукова,0
28,2024-10-10,Проспект Маршала Жукова,0
28,2025-07-07,Проспект Маршала Жукова,0
28,2025-09-01,Проспект Маршала Жукова,0
11,2024-10-02,Проспект Мира,0
25,2024-10-02,Проспект Мира,0
12,2024-04-04,Районный центр «Первомайский»,0
12,2024-04-27,Районный центр «Первомайский»,0
11,2024-09-22,Районный центр «Первомайский»,0
12,2025-01-06,Районный центр «Первомайский»,0
11,2025-06-03,Районный центр «Первомайский»,0
12,2025-08-20,Районный центр «Первомайский»,0
11,2024-04-16,Ростокинский проезд,0
11,2024-06-06,Ростокинский проезд,0
11,2025-06-03,Ростокинский проезд,0
25,2025-09-13,Ростокинский проезд,0
25,2025-09-22,Ростокинский проезд,0
11,2025-12-29,Ростокинский проезд,0
7,2024-01-23,Самотёчная улица,0
7,2024-02-09,Самотёчная улица,0
7,2024-09-07,Самотёчная улица,0
7,2024-09-23,Самотёчная улица,1
7,2024-10-19,Самотёчная улица,0
7,2024-12-05,Самотёчная улица,0
7,2025-01-02,Самотёчная улица,0
7,2025-06-08,Самотёчная улица,0
7,2025-10-02,Самотёчная улица,1
17,2025-07-11,Северное Медведково,0
7,2025-06-27,Селезнёвская улица,0
7,2025-09-02,Селезнёвская улица,0
7,2025-09-06,Селезнёвская улица,0
17,2024-06-13,Сельскохозяйственная улица,0
17,2024-07-02,Сельскохозяйственная улица,0
17,2024-07-19,Сельскохозяйственная улица,0
17,2024-07-20,Сельскохозяйственная улица,0
17,2024-08-13,Сельскохозяйственная улица,0
17,2024-09-13,Сельскохозяйственная улица,0
17,2025-05-22,Сельскохозяйственная улица,0
17,2025-06-04,Сельскохозяйственная улица,0
17,2025-06-08,Сельскохозяйственная улица,1
17,2025-07-06,Сельскохозяйственная улица,0
17,2025-09-06,Сельскохозяйственная улица,0
17,2025-11-20,Сельскохозяйственная улица,1
26,2024-04-02,Серпуховский Вал,0
26,2024-05-07,Серпуховский Вал,0
26,2024-11-02,Серпуховский Вал,0
26,2025-05-31,Серпуховский Вал,0
26,2025-07-13,Серпуховский Вал,0
26,2025-11-09,Серпуховский Вал,0
1,2024-06-02,"Симферопольский бульвар, 20",0
1,2024-07-31,"Симферопольский бульвар, 20",0
1,2024-08-27,"Симферопольский бульвар, 20",1
1,2024-08-29,"Симферопольский бульвар, 20",1
1,2024-09-30,"Симферопольский бульвар, 20",0
1,2025-08-06,"Симферопольский бульвар, 20",0
26,2024-01-09,Спортивная школа «Тринта»,0
26,2024-03-13,Спортивная школа «Тринта»,0
26,2024-07-15,Спортивная школа «Тринта»,0
26,2024-08-01,Спортивная школа «Тринта»,0
26,2024-08-28,Спортивная школа «Тринта»,0
26,2024-11-07,Спортивная школа «Тринта»,0
26,2025-02-23,Спортивная школа «Тринта»,0
26,2025-05-26,Спортивная школа «Тринта»,0
26,2025-07-23,Спортивная школа «Тринта»,0
26,2025-08-05,Спортивная школа «Тринта»,0
26,2025-09-23,Спортивная школа «Тринта»,0
25,2024-04-22,Станция Юных натуралистов,0
25,2024-04-26,Станция Юных натуралистов,0
11,2024-10-24,Станция Юных натуралистов,0
11,2024-11-26,Станция Юных натуралистов,0
11,2025-01-24,Станция Юных натуралистов,1
11,2025-04-30,Станция Юных натуралистов,0
11,2025-11-11,Станция Юных натуралистов,0
12,2024-05-08,Старообрядческая улица,0
12,2025-02-27,Старообрядческая улица,0
12,2025-07-08,Старообрядческая улица,0
12,2025-09-06,Старообрядческая улица,0
12,2025-09-17,Старообрядческая улица,0
1,2024-11-11,Сумской проезд,0
1,2024-11-18,Сумской проезд,1
17,2024-02-20,Сухонская улица,0
17,2024-04-30,Сухонская улица,0
17,2025-03-23,Сухонская улица,0
17,2025-05-24,Сухонская улица,0
17,2025-06-12,Сухонская улица,0
17,2025-07-10,Сухонская улица,0
7,2025-01-13,Сцена «Мельников»,0
7,2025-03-03,Сцена «Мельников»,0
7,2025-10-08,Сцена «Мельников»,0
7,2024-06-03,Театр зверей имени Дурова,0
7,2024-07-10,Театр зверей имени Дурова,0
7,2024-07-28,Театр зверей имени Дурова,0
7,2025-02-16,Театр зверей имени Дурова,0
7,2025-04-02,Театр зверей имени Дурова,0
7,2025-10-30,Театр зверей имени Дурова,0
50,2025-11-12,Театр зверей имени Дурова,0
7,2026-01-14,Театр зверей имени Дурова,0
11,2024-06-21,Телерадиокомпания «МИР»,0
11,2024-08-04,Телерадиокомпания «МИР»,0
11,2024-10-20,Телерадиокомпания «МИР»,0
7,2025-06-10,Телерадиокомпания «МИР»,0
50,2024-06-21,Тихвинский пер.,0
50,2024-10-24,Тихвинский пер.,0
50,2025-09-07,Тихвинский пер.,0
50,2025-10-09,Тихвинский пер.,0
7,2025-04-11,Трамв. депо им. Русакова,0
7,2025-04-25,Трамв. депо им. Русакова,1
25,2024-07-01,Ул. Короленко,0
25,2024-12-19,Ул. Короленко,0
25,2025-01-10,Ул. Короленко,0
25,2025-04-24,Ул. Короленко,0
25,2025-06-16,Ул. Короленко,0
50,2024-03-07,Ул. Образцова,0
50,2024-08-13,Ул. Образцова,0
50,2025-05-31,Ул. Образцова,0
50,2025-06-20,Ул. Образцова,0
28,2025-04-30,Ул. Рогова,0
28,2025-02-27,Улица Академика Курчатова,0
28,2025-07-17,Улица Академика Курчатова,1
12,2024-03-21,Улица Буракова,0
12,2024-08-19,Улица Буракова,0
12,2024-09-05,Улица Буракова,0
12,2024-10-30,Улица Буракова,0
12,2025-01-20,Улица Буракова,0
26,2024-05-10,Улица Вавилова,0
26,2024-06-28,Улица Вавилова,0
26,2024-10-02,Улица Вавилова,0
26,2024-10-30,Улица Вавилова,0
26,2024-01-14,Улица Винокурова,0
26,2024-04-16,Улица Винокурова,0
26,2025-02-07,Улица Винокурова,0
26,2026-01-01,Улица Винокурова,0
50,2024-01-08,Улица Гиляровского,0
7,2024-01-16,Улица Гиляровского,0
7,2024-04-05,Улица Гиляровского,0
50,2024-06-23,Улица Гиляровского,0
50,2024-07-27,Улица Гиляровского,0
50,2025-04-14,Улица Гиляровского,0
7,2025-12-06,Улица Гиляровского,0
7,2025-12-24,Улица Гиляровского,0
26,2024-06-14,Улица Дмитрия Ульянова,1
26,2024-07-23,Улица Дмитрия Ульянова,0
26,2024-11-01,Улица Дмитрия Ульянова,1
26,2024-12-08,Улица Дмитрия Ульянова,0
17,2024-07-01,Улица Докукина,0
17,2024-08-10,Улица Докукина,0
17,2025-02-26,Улица Докукина,0
17,2025-04-24,Улица Докукина,0
17,2025-05-10,Улица Докукина,0
17,2025-06-09,Улица Докукина,0
17,2025-07-17,Улица Докукина,0
17,2025-08-08,Улица Докукина,0
17,2025-12-26,Улица Докукина,0
17,2026-01-11,Улица Докукина,0
7,2024-02-07,Улица Достоевского,0
50,2024-03-08,Улица Достоевского,0
50,2024-07-09,Улица Достоевского,0
50,2024-07-27,Улица Достоевского,0
50,2024-08-27,Улица Достоевского,0
50,2024-10-25,Улица Достоевского,0
50,2025-05-23,Улица Достоевского,0
7,2025-06-12,Улица Достоевского,0
12,2024-10-03,Улица Ибрагимова,0
12,2025-06-25,Улица Ибрагимова,1
26,2024-09-27,Улица Ивана Бабушкина,0
26,2024-10-18,Улица Ивана Бабушкина,0
26,2024-12-13,Улица Ивана Бабушкина,0
26,2025-05-27,Улица Ивана Бабушкина,1
26,2025-11-18,Улица Ивана Бабушкина,0
11,2024-08-19,Улица Измайловский Вал,0
11,2025-07-05,Улица Измайловский Вал,0
26,2025-10-02,Улица Лестева,0
50,2024-01-21,Улица Лефортовский Вал,0
50,2024-05-15,Улица Лефортовский Вал,0
50,2024-10-06,Улица Лефортовский Вал,0
28,2024-03-18,Улица Маршала Тухачевского,0
28,2024-08-18,Улица Маршала Тухачевского,0
28,2024-09-14,Улица Маршала Тухачевского,0
28,2024-11-07,Улица Маршала Тухачевского,0
28,2024-12-23,Улица Маршала Тухачевского,0
28,2025-01-29,Улица Маршала Тухачевского,0
28,2025-04-06,Улица Маршала Тухачевского,0
17,2024-05-04,Улица Молодцова,0
17,2025-12-02,Улица Молодцова,0
17,2025-12-23,Улица Молодцова,1
50,2024-02-12,Улица Палиха,0
50,2024-02-26,Улица Палиха,1
7,2024-11-01,Улица Палиха,0
50,2025-11-01,Улица Палиха,0
7,2026-01-23,Улица Палиха,0
28,2024-01-12,Улица Панфилова,0
28,2024-08-28,Улица Панфилова,0
28,2025-08-01,Улица Панфилова,1
28,2025-09-21,Улица Панфилова,0
11,2024-03-28,Улица Преображенский Вал,0
11,2024-06-27,Улица Преображенский Вал,0
17,2024-01-26,Улица Сергея Эйзенштейна,0
17,2024-08-27,Улица Сергея Эйзенштейна,0
17,2024-11-08,Улица Сергея Эйзенштейна,0
17,2025-09-09,Улица Сергея Эйзенштейна,0
17,2025-09-26,Улица Сергея Эйзенштейна,0
17,2024-07-12,Улица Тихомирова,0
17,2025-07-08,Улица Тихомирова,0
17,2025-11-12,Улица Тихомирова,0
7,2024-06-15,Улица Хромова,0
7,2024-11-25,Улица Хромова,0
7,2025-02-22,Улица Хромова,0
7,2025-03-27,Улица Хромова,0
7,2025-04-15,Улица Хромова,0
7,2025-05-20,Улица Хромова,0
7,2025-09-16,Улица Хромова,0
7,2025-11-19,Улица Хромова,1
7,2026-01-27,Улица Хромова,1
17,2024-01-18,Улица Цандера,0
17,2024-03-06,Улица Цандера,0
17,2024-04-12,Улица Цандера,0
17,2024-06-14,Улица Цандера,1
17,2024-09-21,Улица Цандера,0
17,2024-12-24,Улица Цандера,0
11,2025-01-05,Улица Цандера,1
25,2025-01-05,Улица Цандера,1
11,2025-03-13,Улица Цандера,0
25,2025-03-13,Улица Цандера,0
17,2025-04-30,Улица Цандера,0
17,2025-06-21,Улица Цандера,0
11,2025-06-24,Улица Цандера,0
25,2025-06-24,Улица Цандера,0
17,2025-07-13,Улица Цандера,0
11,2025-08-23,Улица Цандера,0
25,2025-08-23,Улица Цандера,0
17,2025-09-15,Улица Цандера,0
17,2025-11-21,Улица Цандера,1
11,2025-12-03,Улица Цандера,0
25,2025-12-03,Улица Цандера,0
17,2026-01-23,Улица Цандера,0
26,2024-07-11,Улица Шверника,0
7,2024-06-30,Улица Щепкина,0
7,2024-07-17,Улица Щепкина,0
7,2025-03-19,Улица Щепкина,0
7,2025-06-25,Улица Щепкина,0
7,2025-08-20,Улица Щепкина,1
7,2025-12-07,Улица Щепкина,0
28,2024-02-08,Университет «РОСБИОТЕХ»,0
28,2025-04-08,Университет «РОСБИОТЕХ»,0
28,2025-09-30,Университет «РОСБИОТЕХ»,0
17,2024-04-27,Усадьба Останкино,0
17,2024-09-10,Усадьба Останкино,0
17,2025-06-07,Усадьба Останкино,0
17,2025-06-21,Усадьба Останкино,1
17,2025-08-28,Усадьба Останкино,0
11,2025-10-03,Усадьба Останкино,0
25,2025-10-03,Усадьба Останкино,0
17,2025-11-15,Усадьба Останкино,0
26,2025-09-25,Фабрика «Ударница»,0
26,2025-09-29,Фабрика «Ударница»,0
26,2025-11-03,Фабрика «Ударница»,0
26,2026-01-23,Фабрика «Ударница»,1
11,2024-09-20,Фортунатовская ул.,0
11,2024-10-25,Фортунатовская ул.,0
11,2025-01-21,Фортунатовская ул.,1
11,2025-10-16,Фортунатовская ул.,0
11,2026-01-30,Фортунатовская ул.,0
12,2024-04-29,Фортунатовская улица,0
12,2025-07-09,Фортунатовская улица,0
12,2026-01-08,Фортунатовская улица,0
1,2024-06-25,Футбольная школа Чертаново,0
1,2025-02-20,Футбольная школа Чертаново,0
1,2025-10-02,Футбольная школа Чертаново,0
1,2025-10-08,Футбольная школа Чертаново,0
12,2025-01-27,ЦНИИТМАШ,0
12,2025-02-13,ЦНИИТМАШ,0
12,2025-03-19,ЦНИИТМАШ,0
12,2025-04-16,ЦНИИТМАШ,0
12,2025-08-12,ЦНИИТМАШ,1
26,2024-07-29,Центр детского творчества,0
26,2024-01-10,Центр здоровья детей,0
26,2024-03-22,Центр здоровья детей,0
26,2024-04-16,Центр здоровья детей,0
26,2024-09-17,Центр здоровья детей,0
26,2024-10-29,Центр здоровья детей,0
26,2025-02-15,Центр здоровья детей,0
26,2025-04-25,Центр здоровья детей,0
26,2025-10-31,Центр здоровья детей,0
26,2025-11-22,Центр здоровья детей,0
26,2026-01-17,Центр здоровья детей,0
26,2024-02-12,Черемушки,0
26,2024-02-29,Черемушки,0
26,2024-03-19,Черемушки,0
26,2024-11-10,Черемушки,0
26,2024-12-12,Черемушки,0
1,2025-06-12,Черноморский бульв.,0
1,2024-04-12,Чертаново Центральное,0
1,2024-08-14,Чертаново Центральное,0
1,2024-09-27,Чертаново Центральное,0
1,2024-09-30,Чертаново Центральное,0
1,2024-10-05,Чертаново Центральное,0
1,2025-06-07,Чертаново Центральное,1
1,2024-04-03,"Чертановская ул., 28",0
1,2025-07-09,"Чертановская ул., 28",0
1,2026-01-02,"Чертановская ул., 28",0
1,2024-01-17,"Чертановская ул., 44",0
1,2024-02-21,"Чертановская ул., 44",0
1,2025-01-13,"Чертановская ул., 44",0
1,2025-02-18,"Чертановская ул., 44",0
1,2025-06-04,"Чертановская ул., 44",0
1,2025-08-18,"Чертановская ул., 44",0
1,2025-11-18,"Чертановская ул., 44",0
1,2026-01-17,"Чертановская ул., 44",0
1,2025-01-21,"Чертановская улица, 53",1
1,2025-05-17,"Чертановская улица, 53",1
1,2025-11-09,"Чертановская улица, 53",0
12,2024-04-25,Шарикоподшипниковская ул.,0
12,2024-07-13,Шарикоподшипниковская ул.,0
12,2025-02-01,Шарикоподшипниковская ул.,0
1,2025-05-15,Школьный парк,1
