route,date,offices,offices_hit,acc7,acc30,tram7
1,2025-01-01,21,17,1,3,1
1,2025-01-02,21,17,0,3,0
1,2025-01-03,21,17,0,3,0
1,2025-01-04,21,17,0,3,0
1,2025-01-05,21,17,0,3,0
1,2025-01-06,21,17,0,3,0
1,2025-01-07,21,17,0,3,0
1,2025-01-08,21,17,0,3,0
1,2025-01-09,21,17,0,3,0
1,2025-01-10,21,17,0,3,0
1,2025-01-11,21,17,0,3,0
1,2025-01-12,21,17,0,3,0
1,2025-01-13,21,17,0,3,0
1,2025-01-14,21,17,1,4,0
1,2025-01-15,21,17,1,4,0
1,2025-01-16,21,17,1,4,0
1,2025-01-17,21,17,1,3,0
1,2025-01-18,21,17,1,3,0
1,2025-01-19,21,17,1,3,0
1,2025-01-20,21,17,1,2,0
1,2025-01-21,21,17,0,2,0
1,2025-01-22,21,18,1,3,1
1,2025-01-23,21,18,1,3,1
1,2025-01-24,21,18,1,3,1
1,2025-01-25,21,18,1,2,1
1,2025-01-26,21,18,1,2,1
1,2025-01-27,21,18,1,2,1
1,2025-01-28,21,18,1,2,1
1,2025-01-29,21,18,0,2,0
1,2025-01-30,21,18,0,2,0
1,2025-01-31,21,18,0,2,0
1,2025-02-01,21,18,0,2,0
1,2025-02-02,21,18,0,2,0
1,2025-02-03,21,18,0,2,0
1,2025-02-04,21,18,0,2,0
1,2025-02-05,21,18,0,2,0
1,2025-02-06,21,18,0,2,0
1,2025-02-07,21,18,0,2,0
1,2025-02-08,21,18,0,2,0
1,2025-02-09,21,18,0,2,0
1,2025-02-10,21,18,0,2,0
1,2025-02-11,21,18,1,3,0
1,2025-02-12,21,18,1,3,0
1,2025-02-13,21,18,1,2,0
1,2025-02-14,21,18,1,2,0
1,2025-02-15,21,18,1,2,0
1,2025-02-16,21,18,2,3,0
1,2025-02-17,21,18,2,3,0
1,2025-02-18,21,18,1,3,0
1,2025-02-19,21,18,2,4,0
1,2025-02-20,21,18,2,4,0
1,2025-02-21,21,18,3,4,0
1,2025-02-22,21,18,3,4,0
1,2025-02-23,21,18,2,4,0
1,2025-02-24,21,18,2,4,0
1,2025-02-25,21,18,2,4,0
1,2025-02-26,21,18,1,4,0
1,2025-02-27,21,18,1,4,0
1,2025-02-28,21,18,0,4,0
1,2025-03-01,21,18,0,4,0
1,2025-03-02,21,18,0,4,0
1,2025-03-03,21,18,0,4,0
1,2025-03-04,21,18,0,4,0
1,2025-03-05,21,18,0,4,0
1,2025-03-06,21,18,0,4,0
1,2025-03-07,21,18,0,4,0
1,2025-03-08,21,18,0,4,0
1,2025-03-09,21,18,0,4,0
1,2025-03-10,21,18,0,4,0
1,2025-03-11,21,18,0,4,0
1,2025-03-12,21,18,0,4,0
1,2025-03-13,21,18,0,3,0
1,2025-03-14,21,18,0,3,0
1,2025-03-15,21,18,0,3,0
1,2025-03-16,21,18,0,3,0
1,2025-03-17,21,18,0,3,0
1,2025-03-18,21,18,0,2,0
1,2025-03-19,21,18,0,2,0
1,2025-03-20,21,18,0,2,0
1,2025-03-21,21,18,0,1,0
1,2025-03-22,21,18,0,1,0
1,2025-03-23,21,18,0,0,0
1,2025-03-24,21,18,0,0,0
1,2025-03-25,21,18,1,1,0
1,2025-03-26,21,18,1,1,0
1,2025-03-27,21,18,1,1,0
1,2025-03-28,21,18,1,1,0
1,2025-03-29,21,18,1,1,0
1,2025-03-30,21,18,2,2,0
1,2025-03-31,21,18,3,3,0
1,2025-04-01,21,18,2,3,0
1,2025-04-02,21,18,2,3,0
1,2025-04-03,21,18,2,3,0
1,2025-04-04,21,18,2,3,0
1,2025-04-05,21,18,2,3,0
1,2025-04-06,21,18,1,3,0
1,2025-04-07,21,18,1,4,0
1,2025-04-08,21,18,1,4,0
1,2025-04-09,21,18,1,4,0
1,2025-04-10,21,18,1,4,0
1,2025-04-11,21,18,1,4,0
1,2025-04-12,21,18,1,4,0
1,2025-04-13,21,18,1,4,0
1,2025-04-14,21,18,0,4,0
1,2025-04-15,21,18,0,4,0
1,2025-04-16,21,18,0,4,0
1,2025-04-17,21,18,0,4,0
1,2025-04-18,21,18,0,4,0
1,2025-04-19,21,18,0,4,0
1,2025-04-20,21,18,0,4,0
1,2025-04-21,21,18,0,4,0
1,2025-04-22,21,18,0,4,0
1,2025-04-23,21,18,0,4,0
1,2025-04-24,21,18,0,3,0
1,2025-04-25,21,18,0,3,0
1,2025-04-26,21,18,0,3,0
1,2025-04-27,21,18,0,3,0
1,2025-04-28,21,18,0,3,0
1,2025-04-29,21,18,1,3,0
1,2025-04-30,21,18,1,2,0
1,2025-05-01,21,18,1,2,0
1,2025-05-02,21,18,1,2,0
1,2025-05-03,21,18,1,2,0
1,2025-05-04,21,18,1,2,0
1,2025-05-05,21,18,1,2,0
1,2025-05-06,21,18,0,2,0
1,2025-05-07,21,18,0,1,0
1,2025-05-08,21,18,0,1,0
1,2025-05-09,21,18,0,1,0
1,2025-05-10,21,18,1,2,0
1,2025-05-11,21,18,1,2,0
1,2025-05-12,21,18,1,2,0
1,2025-05-13,21,18,1,2,0
1,2025-05-14,21,18,1,2,0
1,2025-05-15,21,18,1,2,0
1,2025-05-16,21,19,2,3,1
1,2025-05-17,21,19,1,3,1
1,2025-05-18,21,19,2,4,2
1,2025-05-19,21,19,2,4,2
1,2025-05-20,21,19,2,4,2
1,2025-05-21,21,19,2,4,2
1,2025-05-22,21,19,2,4,2
1,2025-05-23,21,19,1,4,1
1,2025-05-24,21,19,1,4,1
1,2025-05-25,21,19,0,4,0
1,2025-05-26,21,19,0,4,0
1,2025-05-27,21,19,0,4,0
1,2025-05-28,21,19,1,5,0
1,2025-05-29,21,19,1,4,0
1,2025-05-30,21,19,1,4,0
1,2025-05-31,21,19,1,4,0
1,2025-06-01,21,19,1,4,0
1,2025-06-02,21,19,1,4,0
1,2025-06-03,21,19,1,4,0
1,2025-06-04,21,19,0,4,0
1,2025-06-05,21,19,1,5,0
1,2025-06-06,21,19,1,5,0
1,2025-06-07,21,19,1,5,0
1,2025-06-08,21,19,2,6,1
1,2025-06-09,21,19,3,6,1
1,2025-06-10,21,19,3,6,1
1,2025-06-11,21,19,4,7,1
1,2025-06-12,21,19,3,7,1
1,2025-06-13,21,20,4,8,1
1,2025-06-14,21,20,4,8,1
1,2025-06-15,21,20,3,7,0
1,2025-06-16,21,20,2,7,0
1,2025-06-17,21,20,2,6,0
1,2025-06-18,21,20,1,6,0
1,2025-06-19,21,20,1,6,0
1,2025-06-20,21,20,0,6,0
1,2025-06-21,21,20,0,6,0
1,2025-06-22,21,20,0,6,0
1,2025-06-23,21,20,0,6,0
1,2025-06-24,21,20,0,6,0
1,2025-06-25,21,20,0,6,0
1,2025-06-26,21,20,0,6,0
1,2025-06-27,21,20,0,5,0
1,2025-06-28,21,20,0,5,0
1,2025-06-29,21,20,0,5,0
1,2025-06-30,21,20,0,5,0
1,2025-07-01,21,20,0,5,0
1,2025-07-02,21,20,0,5,0
1,2025-07-03,21,20,0,5,0
1,2025-07-04,21,20,0,5,0
1,2025-07-05,21,20,0,4,0
1,2025-07-06,21,20,0,4,0
1,2025-07-07,21,20,0,4,0
1,2025-07-08,21,20,1,4,0
1,2025-07-09,21,20,1,3,0
1,2025-07-10,21,20,2,4,0
1,2025-07-11,21,20,2,3,0
1,2025-07-12,21,20,2,3,0
1,2025-07-13,21,20,2,2,0
1,2025-07-14,21,20,2,2,0
1,2025-07-15,21,20,1,2,0
1,2025-07-16,21,20,1,2,0
1,2025-07-17,21,20,0,2,0
1,2025-07-18,21,20,0,2,0
1,2025-07-19,21,20,0,2,0
1,2025-07-20,21,20,0,2,0
1,2025-07-21,21,20,0,2,0
1,2025-07-22,21,20,0,2,0
1,2025-07-23,21,20,0,2,0
1,2025-07-24,21,20,1,3,0
1,2025-07-25,21,20,1,3,0
1,2025-07-26,21,20,1,3,0
1,2025-07-27,21,20,1,3,0
1,2025-07-28,21,20,1,3,0
1,2025-07-29,21,20,1,3,0
1,2025-07-30,21,20,1,3,0
1,2025-07-31,21,20,0,3,0
1,2025-08-01,21,20,0,3,0
1,2025-08-02,21,20,1,4,0
1,2025-08-03,21,20,1,4,0
1,2025-08-04,21,20,1,4,0
1,2025-08-05,21,20,1,4,0
1,2025-08-06,21,20,1,4,0
1,2025-08-07,21,20,2,4,0
1,2025-08-08,21,20,2,4,0
1,2025-08-09,21,20,1,3,0
1,2025-08-10,21,20,2,4,0
1,2025-08-11,21,20,3,5,0
1,2025-08-12,21,20,3,5,0
1,2025-08-13,21,20,3,5,0
1,2025-08-14,21,20,2,5,0
1,2025-08-15,21,20,3,6,0
1,2025-08-16,21,20,3,6,0
1,2025-08-17,21,20,2,6,0
1,2025-08-18,21,20,1,6,0
1,2025-08-19,21,20,2,7,0
1,2025-08-20,21,20,2,7,0
1,2025-08-21,21,20,2,7,0
1,2025-08-22,21,20,1,7,0
1,2025-08-23,21,20,1,6,0
1,2025-08-24,21,20,1,6,0
1,2025-08-25,21,20,1,6,0
1,2025-08-26,21,20,0,6,0
1,2025-08-27,21,20,0,6,0
1,2025-08-28,21,20,0,6,0
1,2025-08-29,21,20,0,6,0
1,2025-08-30,21,20,0,6,0
1,2025-08-31,21,20,0,6,0
1,2025-09-01,21,20,0,5,0
1,2025-09-02,21,20,0,5,0
1,2025-09-03,21,20,0,5,0
1,2025-09-04,21,20,0,5,0
1,2025-09-05,21,20,0,5,0
1,2025-09-06,21,20,0,4,0
1,2025-09-07,21,20,0,4,0
1,2025-09-08,21,20,1,5,0
1,2025-09-09,21,20,1,4,0
1,2025-09-10,21,20,1,3,0
1,2025-09-11,21,20,1,3,0
1,2025-09-12,21,20,1,3,0
1,2025-09-13,21,20,1,3,0
1,2025-09-14,21,20,1,2,0
1,2025-09-15,21,20,0,2,0
1,2025-09-16,21,20,0,2,0
1,2025-09-17,21,20,0,2,0
1,2025-09-18,21,20,0,1,0
1,2025-09-19,21,20,0,1,0
1,2025-09-20,21,20,0,1,0
1,2025-09-21,21,20,0,1,0
1,2025-09-22,21,20,0,1,0
1,2025-09-23,21,20,1,2,0
1,2025-09-24,21,20,1,2,0
1,2025-09-25,21,20,2,3,1
1,2025-09-26,21,20,2,3,1
1,2025-09-27,21,20,2,3,1
1,2025-09-28,21,20,2,3,1
1,2025-09-29,21,20,2,3,1
1,2025-09-30,21,20,1,3,1
1,2025-10-01,21,20,1,3,1
1,2025-10-02,21,20,0,3,0
1,2025-10-03,21,20,2,5,0
1,2025-10-04,21,20,2,5,0
1,2025-10-05,21,20,2,5,0
1,2025-10-06,21,20,2,5,0
1,2025-10-07,21,20,2,5,0
1,2025-10-08,21,20,2,4,0
1,2025-10-09,21,20,3,5,0
1,2025-10-10,21,20,1,5,0
1,2025-10-11,21,20,1,5,0
1,2025-10-12,21,20,1,5,0
1,2025-10-13,21,20,1,5,0
1,2025-10-14,21,20,1,5,0
1,2025-10-15,21,20,1,5,0
1,2025-10-16,21,20,0,5,0
1,2025-10-17,21,20,1,6,0
1,2025-10-18,21,20,1,6,0
1,2025-10-19,21,20,1,6,0
1,2025-10-20,21,20,1,6,0
1,2025-10-21,21,20,1,6,0
1,2025-10-22,21,20,1,6,0
1,2025-10-23,21,20,2,6,0
1,2025-10-24,21,20,1,6,0
1,2025-10-25,21,20,2,6,0
1,2025-10-26,21,20,2,6,0
1,2025-10-27,21,20,2,6,0
1,2025-10-28,21,20,2,6,0
1,2025-10-29,21,20,2,6,0
1,2025-10-30,21,20,1,6,0
1,2025-10-31,21,20,1,6,0
1,2025-11-01,21,20,0,6,0
1,2025-11-02,21,20,0,4,0
1,2025-11-03,21,20,0,4,0
1,2025-11-04,21,20,0,4,0
1,2025-11-05,21,20,0,4,0
1,2025-11-06,21,20,0,4,0
1,2025-11-07,21,20,1,5,0
1,2025-11-08,21,20,1,4,0
1,2025-11-09,21,20,2,5,0
1,2025-11-10,21,20,3,6,0
1,2025-11-11,21,20,4,7,0
1,2025-11-12,21,20,4,7,0
1,2025-11-13,21,20,4,7,0
1,2025-11-14,21,20,3,7,0
1,2025-11-15,21,20,3,7,0
1,2025-11-16,21,20,2,6,0
1,2025-11-17,21,20,2,7,0
1,2025-11-18,21,20,1,7,0
1,2025-11-19,21,20,3,9,0
1,2025-11-20,21,20,3,9,0
1,2025-11-21,21,20,3,9,0
1,2025-11-22,21,20,3,8,0
1,2025-11-23,21,20,3,8,0
1,2025-11-24,21,20,2,7,0
1,2025-11-25,21,20,2,7,0
1,2025-11-26,21,20,0,7,0
1,2025-11-27,21,20,0,7,0
1,2025-11-28,21,20,0,7,0
1,2025-11-29,21,20,0,7,0
1,2025-11-30,21,20,0,7,0
1,2025-12-01,21,20,0,7,0
1,2025-12-02,21,20,0,7,0
1,2025-12-03,21,20,0,7,0
1,2025-12-04,21,20,0,7,0
1,2025-12-05,21,20,0,7,0
1,2025-12-06,21,20,0,7,0
1,2025-12-07,21,20,0,6,0
1,2025-12-08,21,20,0,6,0
1,2025-12-09,21,20,0,5,0
1,2025-12-10,21,20,0,4,0
1,2025-12-11,21,20,0,3,0
1,2025-12-12,21,20,0,3,0
1,2025-12-13,21,20,1,4,0
1,2025-12-14,21,20,1,4,0
1,2025-12-15,21,20,1,4,0
1,2025-12-16,21,20,1,4,0
1,2025-12-17,21,20,1,3,0
1,2025-12-18,21,20,1,3,0
1,2025-12-19,21,20,1,1,0
1,2025-12-20,21,20,0,1,0
1,2025-12-21,21,20,0,1,0
1,2025-12-22,21,20,0,1,0
1,2025-12-23,21,20,0,1,0
1,2025-12-24,21,20,0,1,0
1,2025-12-25,21,20,0,1,0
1,2025-12-26,21,20,0,1,0
1,2025-12-27,21,20,0,1,0
1,2025-12-28,21,20,0,1,0
1,2025-12-29,21,20,0,1,0
1,2025-12-30,21,20,0,1,0
1,2025-12-31,21,20,0,1,0
5,2025-01-01,0,0,0,0,0
5,2025-01-02,0,0,0,0,0
5,2025-01-03,0,0,0,0,0
5,2025-01-04,0,0,0,0,0
5,2025-01-05,0,0,0,0,0
5,2025-01-06,0,0,0,0,0
5,2025-01-07,0,0,0,0,0
5,2025-01-08,0,0,0,0,0
5,2025-01-09,0,0,0,0,0
5,2025-01-10,0,0,0,0,0
5,2025-01-11,0,0,0,0,0
5,2025-01-12,0,0,0,0,0
5,2025-01-13,0,0,0,0,0
5,2025-01-14,0,0,0,0,0
5,2025-01-15,0,0,0,0,0
5,2025-01-16,0,0,0,0,0
5,2025-01-17,0,0,0,0,0
5,2025-01-18,0,0,0,0,0
5,2025-01-19,0,0,0,0,0
5,2025-01-20,0,0,0,0,0
5,2025-01-21,0,0,0,0,0
5,2025-01-22,0,0,0,0,0
5,2025-01-23,0,0,0,0,0
5,2025-01-24,0,0,0,0,0
5,2025-01-25,0,0,0,0,0
5,2025-01-26,0,0,0,0,0
5,2025-01-27,0,0,0,0,0
5,2025-01-28,0,0,0,0,0
5,2025-01-29,0,0,0,0,0
5,2025-01-30,0,0,0,0,0
5,2025-01-31,0,0,0,0,0
5,2025-02-01,0,0,0,0,0
5,2025-02-02,0,0,0,0,0
5,2025-02-03,0,0,0,0,0
5,2025-02-04,0,0,0,0,0
5,2025-02-05,0,0,0,0,0
5,2025-02-06,0,0,0,0,0
5,2025-02-07,0,0,0,0,0
5,2025-02-08,0,0,0,0,0
5,2025-02-09,0,0,0,0,0
5,2025-02-10,0,0,0,0,0
5,2025-02-11,0,0,0,0,0
5,2025-02-12,0,0,0,0,0
5,2025-02-13,0,0,0,0,0
5,2025-02-14,0,0,0,0,0
5,2025-02-15,0,0,0,0,0
5,2025-02-16,0,0,0,0,0
5,2025-02-17,0,0,0,0,0
5,2025-02-18,0,0,0,0,0
5,2025-02-19,0,0,0,0,0
5,2025-02-20,0,0,0,0,0
5,2025-02-21,0,0,0,0,0
5,2025-02-22,0,0,0,0,0
5,2025-02-23,0,0,0,0,0
5,2025-02-24,0,0,0,0,0
5,2025-02-25,0,0,0,0,0
5,2025-02-26,0,0,0,0,0
5,2025-02-27,0,0,0,0,0
5,2025-02-28,0,0,0,0,0
5,2025-03-01,0,0,0,0,0
5,2025-03-02,0,0,0,0,0
5,2025-03-03,0,0,0,0,0
5,2025-03-04,0,0,0,0,0
5,2025-03-05,0,0,0,0,0
5,2025-03-06,0,0,0,0,0
5,2025-03-07,0,0,0,0,0
5,2025-03-08,0,0,0,0,0
5,2025-03-09,0,0,0,0,0
5,2025-03-10,0,0,0,0,0
5,2025-03-11,0,0,0,0,0
5,2025-03-12,0,0,0,0,0
5,2025-03-13,0,0,0,0,0
5,2025-03-14,0,0,0,0,0
5,2025-03-15,0,0,0,0,0
5,2025-03-16,0,0,0,0,0
5,2025-03-17,0,0,0,0,0
5,2025-03-18,0,0,0,0,0
5,2025-03-19,0,0,0,0,0
5,2025-03-20,0,0,0,0,0
5,2025-03-21,0,0,0,0,0
5,2025-03-22,0,0,0,0,0
5,2025-03-23,0,0,0,0,0
5,2025-03-24,0,0,0,0,0
5,2025-03-25,0,0,0,0,0
5,2025-03-26,0,0,0,0,0
5,2025-03-27,0,0,0,0,0
5,2025-03-28,0,0,0,0,0
5,2025-03-29,0,0,0,0,0
5,2025-03-30,0,0,0,0,0
5,2025-03-31,0,0,0,0,0
5,2025-04-01,0,0,0,0,0
5,2025-04-02,0,0,0,0,0
5,2025-04-03,0,0,0,0,0
5,2025-04-04,0,0,0,0,0
5,2025-04-05,0,0,0,0,0
5,2025-04-06,0,0,0,0,0
5,2025-04-07,0,0,0,0,0
5,2025-04-08,0,0,0,0,0
5,2025-04-09,0,0,0,0,0
5,2025-04-10,0,0,0,0,0
5,2025-04-11,0,0,0,0,0
5,2025-04-12,0,0,0,0,0
5,2025-04-13,0,0,0,0,0
5,2025-04-14,0,0,0,0,0
5,2025-04-15,0,0,0,0,0
5,2025-04-16,0,0,0,0,0
5,2025-04-17,0,0,0,0,0
5,2025-04-18,0,0,0,0,0
5,2025-04-19,0,0,0,0,0
5,2025-04-20,0,0,0,0,0
5,2025-04-21,0,0,0,0,0
5,2025-04-22,0,0,0,0,0
5,2025-04-23,0,0,0,0,0
5,2025-04-24,0,0,0,0,0
5,2025-04-25,0,0,0,0,0
5,2025-04-26,0,0,0,0,0
5,2025-04-27,0,0,0,0,0
5,2025-04-28,0,0,0,0,0
5,2025-04-29,0,0,0,0,0
5,2025-04-30,0,0,0,0,0
5,2025-05-01,0,0,0,0,0
5,2025-05-02,0,0,0,0,0
5,2025-05-03,0,0,0,0,0
5,2025-05-04,0,0,0,0,0
5,2025-05-05,0,0,0,0,0
5,2025-05-06,0,0,0,0,0
5,2025-05-07,0,0,0,0,0
5,2025-05-08,0,0,0,0,0
5,2025-05-09,0,0,0,0,0
5,2025-05-10,0,0,0,0,0
5,2025-05-11,0,0,0,0,0
5,2025-05-12,0,0,0,0,0
5,2025-05-13,0,0,0,0,0
5,2025-05-14,0,0,0,0,0
5,2025-05-15,0,0,0,0,0
5,2025-05-16,0,0,0,0,0
5,2025-05-17,0,0,0,0,0
5,2025-05-18,0,0,0,0,0
5,2025-05-19,0,0,0,0,0
5,2025-05-20,0,0,0,0,0
5,2025-05-21,0,0,0,0,0
5,2025-05-22,0,0,0,0,0
5,2025-05-23,0,0,0,0,0
5,2025-05-24,0,0,0,0,0
5,2025-05-25,0,0,0,0,0
5,2025-05-26,0,0,0,0,0
5,2025-05-27,0,0,0,0,0
5,2025-05-28,0,0,0,0,0
5,2025-05-29,0,0,0,0,0
5,2025-05-30,0,0,0,0,0
5,2025-05-31,0,0,0,0,0
5,2025-06-01,0,0,0,0,0
5,2025-06-02,0,0,0,0,0
5,2025-06-03,0,0,0,0,0
5,2025-06-04,0,0,0,0,0
5,2025-06-05,0,0,0,0,0
5,2025-06-06,0,0,0,0,0
5,2025-06-07,0,0,0,0,0
5,2025-06-08,0,0,0,0,0
5,2025-06-09,0,0,0,0,0
5,2025-06-10,0,0,0,0,0
5,2025-06-11,0,0,0,0,0
5,2025-06-12,0,0,0,0,0
5,2025-06-13,0,0,0,0,0
5,2025-06-14,0,0,0,0,0
5,2025-06-15,0,0,0,0,0
5,2025-06-16,0,0,0,0,0
5,2025-06-17,0,0,0,0,0
5,2025-06-18,0,0,0,0,0
5,2025-06-19,0,0,0,0,0
5,2025-06-20,0,0,0,0,0
5,2025-06-21,0,0,0,0,0
5,2025-06-22,0,0,0,0,0
5,2025-06-23,0,0,0,0,0
5,2025-06-24,0,0,0,0,0
5,2025-06-25,0,0,0,0,0
5,2025-06-26,0,0,0,0,0
5,2025-06-27,0,0,0,0,0
5,2025-06-28,0,0,0,0,0
5,2025-06-29,0,0,0,0,0
5,2025-06-30,0,0,0,0,0
5,2025-07-01,0,0,0,0,0
5,2025-07-02,0,0,0,0,0
5,2025-07-03,0,0,0,0,0
5,2025-07-04,0,0,0,0,0
5,2025-07-05,0,0,0,0,0
5,2025-07-06,0,0,0,0,0
5,2025-07-07,0,0,0,0,0
5,2025-07-08,0,0,0,0,0
5,2025-07-09,0,0,0,0,0
5,2025-07-10,0,0,0,0,0
5,2025-07-11,0,0,0,0,0
5,2025-07-12,0,0,0,0,0
5,2025-07-13,0,0,0,0,0
5,2025-07-14,0,0,0,0,0
5,2025-07-15,0,0,0,0,0
5,2025-07-16,0,0,0,0,0
5,2025-07-17,0,0,0,0,0
5,2025-07-18,0,0,0,0,0
5,2025-07-19,0,0,0,0,0
5,2025-07-20,0,0,0,0,0
5,2025-07-21,0,0,0,0,0
5,2025-07-22,0,0,0,0,0
5,2025-07-23,0,0,0,0,0
5,2025-07-24,0,0,0,0,0
5,2025-07-25,0,0,0,0,0
5,2025-07-26,0,0,0,0,0
5,2025-07-27,0,0,0,0,0
5,2025-07-28,0,0,0,0,0
5,2025-07-29,0,0,0,0,0
5,2025-07-30,0,0,0,0,0
5,2025-07-31,0,0,0,0,0
5,2025-08-01,0,0,0,0,0
5,2025-08-02,0,0,0,0,0
5,2025-08-03,0,0,0,0,0
5,2025-08-04,0,0,0,0,0
5,2025-08-05,0,0,0,0,0
5,2025-08-06,0,0,0,0,0
5,2025-08-07,0,0,0,0,0
5,2025-08-08,0,0,0,0,0
5,2025-08-09,0,0,0,0,0
5,2025-08-10,0,0,0,0,0
5,2025-08-11,0,0,0,0,0
5,2025-08-12,0,0,0,0,0
5,2025-08-13,0,0,0,0,0
5,2025-08-14,0,0,0,0,0
5,2025-08-15,0,0,0,0,0
5,2025-08-16,0,0,0,0,0
5,2025-08-17,0,0,0,0,0
5,2025-08-18,0,0,0,0,0
5,2025-08-19,0,0,0,0,0
5,2025-08-20,0,0,0,0,0
5,2025-08-21,0,0,0,0,0
5,2025-08-22,0,0,0,0,0
5,2025-08-23,0,0,0,0,0
5,2025-08-24,0,0,0,0,0
5,2025-08-25,0,0,0,0,0
5,2025-08-26,0,0,0,0,0
5,2025-08-27,0,0,0,0,0
5,2025-08-28,0,0,0,0,0
5,2025-08-29,0,0,0,0,0
5,2025-08-30,0,0,0,0,0
5,2025-08-31,0,0,0,0,0
5,2025-09-01,0,0,0,0,0
5,2025-09-02,0,0,0,0,0
5,2025-09-03,0,0,0,0,0
5,2025-09-04,0,0,0,0,0
5,2025-09-05,0,0,0,0,0
5,2025-09-06,0,0,0,0,0
5,2025-09-07,0,0,0,0,0
5,2025-09-08,0,0,0,0,0
5,2025-09-09,0,0,0,0,0
5,2025-09-10,0,0,0,0,0
5,2025-09-11,0,0,0,0,0
5,2025-09-12,0,0,0,0,0
5,2025-09-13,0,0,0,0,0
5,2025-09-14,0,0,0,0,0
5,2025-09-15,0,0,0,0,0
5,2025-09-16,0,0,0,0,0
5,2025-09-17,0,0,0,0,0
5,2025-09-18,0,0,0,0,0
5,2025-09-19,0,0,0,0,0
5,2025-09-20,0,0,0,0,0
5,2025-09-21,0,0,0,0,0
5,2025-09-22,0,0,0,0,0
5,2025-09-23,0,0,0,0,0
5,2025-09-24,0,0,0,0,0
5,2025-09-25,0,0,0,0,0
5,2025-09-26,0,0,0,0,0
5,2025-09-27,0,0,0,0,0
5,2025-09-28,0,0,0,0,0
5,2025-09-29,0,0,0,0,0
5,2025-09-30,0,0,0,0,0
5,2025-10-01,0,0,0,0,0
5,2025-10-02,0,0,0,0,0
5,2025-10-03,0,0,0,0,0
5,2025-10-04,0,0,0,0,0
5,2025-10-05,0,0,0,0,0
5,2025-10-06,0,0,0,0,0
5,2025-10-07,0,0,0,0,0
5,2025-10-08,0,0,0,0,0
5,2025-10-09,0,0,0,0,0
5,2025-10-10,0,0,0,0,0
5,2025-10-11,0,0,0,0,0
5,2025-10-12,0,0,0,0,0
5,2025-10-13,0,0,0,0,0
5,2025-10-14,0,0,0,0,0
5,2025-10-15,0,0,0,0,0
5,2025-10-16,0,0,0,0,0
5,2025-10-17,0,0,0,0,0
5,2025-10-18,0,0,0,0,0
5,2025-10-19,0,0,0,0,0
5,2025-10-20,0,0,0,0,0
5,2025-10-21,0,0,0,0,0
5,2025-10-22,0,0,0,0,0
5,2025-10-23,0,0,0,0,0
5,2025-10-24,0,0,0,0,0
5,2025-10-25,0,0,0,0,0
5,2025-10-26,0,0,0,0,0
5,2025-10-27,0,0,0,0,0
5,2025-10-28,0,0,0,0,0
5,2025-10-29,0,0,0,0,0
5,2025-10-30,0,0,0,0,0
5,2025-10-31,0,0,0,0,0
5,2025-11-01,0,0,0,0,0
5,2025-11-02,0,0,0,0,0
5,2025-11-03,0,0,0,0,0
5,2025-11-04,0,0,0,0,0
5,2025-11-05,0,0,0,0,0
5,2025-11-06,0,0,0,0,0
5,2025-11-07,0,0,0,0,0
5,2025-11-08,0,0,0,0,0
5,2025-11-09,0,0,0,0,0
5,2025-11-10,0,0,0,0,0
5,2025-11-11,0,0,0,0,0
5,2025-11-12,0,0,0,0,0
5,2025-11-13,0,0,0,0,0
5,2025-11-14,0,0,0,0,0
5,2025-11-15,0,0,0,0,0
5,2025-11-16,0,0,0,0,0
5,2025-11-17,0,0,0,0,0
5,2025-11-18,0,0,0,0,0
5,2025-11-19,0,0,0,0,0
5,2025-11-20,0,0,0,0,0
5,2025-11-21,0,0,0,0,0
5,2025-11-22,0,0,0,0,0
5,2025-11-23,0,0,0,0,0
5,2025-11-24,0,0,0,0,0
5,2025-11-25,0,0,0,0,0
5,2025-11-26,0,0,0,0,0
5,2025-11-27,0,0,0,0,0
5,2025-11-28,0,0,0,0,0
5,2025-11-29,0,0,0,0,0
5,2025-11-30,0,0,0,0,0
5,2025-12-01,0,0,0,0,0
5,2025-12-02,0,0,0,0,0
5,2025-12-03,0,0,0,0,0
5,2025-12-04,0,0,0,0,0
5,2025-12-05,0,0,0,0,0
5,2025-12-06,0,0,0,0,0
5,2025-12-07,0,0,0,0,0
5,2025-12-08,0,0,0,0,0
5,2025-12-09,0,0,0,0,0
5,2025-12-10,0,0,0,0,0
5,2025-12-11,0,0,0,0,0
5,2025-12-12,0,0,0,0,0
5,2025-12-13,0,0,0,0,0
5,2025-12-14,0,0,0,0,0
5,2025-12-15,0,0,0,0,0
5,2025-12-16,0,0,0,0,0
5,2025-12-17,0,0,0,0,0
5,2025-12-18,0,0,0,0,0
5,2025-12-19,0,0,0,0,0
5,2025-12-20,0,0,0,0,0
5,2025-12-21,0,0,0,0,0
5,2025-12-22,0,0,0,0,0
5,2025-12-23,0,0,0,0,0
5,2025-12-24,0,0,0,0,0
5,2025-12-25,0,0,0,0,0
5,2025-12-26,0,0,0,0,0
5,2025-12-27,0,0,0,0,0
5,2025-12-28,0,0,0,0,0
5,2025-12-29,0,0,0,0,0
5,2025-12-30,0,0,0,0,0
5,2025-12-31,0,0,0,0,0
7,2025-01-01,44,28,1,5,0
7,2025-01-02,44,28,1,5,0
7,2025-01-03,44,28,1,6,0
7,2025-01-04,44,28,1,6,0
7,2025-01-05,44,28,1,4,0
7,2025-01-06,44,28,1,4,0
7,2025-01-07,44,28,1,4,0
7,2025-01-08,44,28,1,4,0
7,2025-01-09,44,28,1,4,0
7,2025-01-10,44,28,0,4,0
7,2025-01-11,44,28,0,4,0
7,2025-01-12,44,28,0,3,0
7,2025-01-13,44,29,1,4,0
7,2025-01-14,44,30,2,5,0
7,2025-01-15,44,30,2,5,0
7,2025-01-16,44,30,2,5,0
7,2025-01-17,44,30,2,5,0
7,2025-01-18,44,30,2,5,0
7,2025-01-19,44,30,2,4,0
7,2025-01-20,44,30,2,5,0
7,2025-01-21,44,30,1,5,0
7,2025-01-22,44,30,1,5,0
7,2025-01-23,44,30,1,5,0
7,2025-01-24,44,30,1,5,0
7,2025-01-25,44,30,1,5,0
7,2025-01-26,44,30,1,4,0
7,2025-01-27,44,30,0,4,0
7,2025-01-28,44,31,1,5,0
7,2025-01-29,44,31,2,6,1
7,2025-01-30,44,31,2,6,1
7,2025-01-31,44,31,2,6,1
7,2025-02-01,44,31,2,6,1
7,2025-02-02,44,31,2,5,1
7,2025-02-03,44,31,2,5,1
7,2025-02-04,44,31,1,5,1
7,2025-02-05,44,31,0,5,0
7,2025-02-06,44,31,0,5,0
7,2025-02-07,44,31,0,5,0
7,2025-02-08,44,31,1,6,0
7,2025-02-09,44,31,1,6,0
7,2025-02-10,44,31,1,6,0
7,2025-02-11,44,31,1,6,0
7,2025-02-12,44,31,1,5,0
7,2025-02-13,44,31,1,4,0
7,2025-02-14,44,31,1,4,0
7,2025-02-15,44,31,0,4,0
7,2025-02-16,44,31,0,4,0
7,2025-02-17,44,31,1,5,0
7,2025-02-18,44,31,1,5,0
7,2025-02-19,44,31,1,4,0
7,2025-02-20,44,31,1,4,0
7,2025-02-21,44,31,2,5,0
7,2025-02-22,44,31,2,5,0
7,2025-02-23,44,31,3,6,0
7,2025-02-24,44,31,2,6,0
7,2025-02-25,44,31,2,6,0
7,2025-02-26,44,31,2,6,0
7,2025-02-27,44,31,2,5,0
7,2025-02-28,44,31,1,4,0
7,2025-03-01,44,31,1,4,0
7,2025-03-02,44,31,0,4,0
7,2025-03-03,44,31,0,4,0
7,2025-03-04,44,31,1,5,0
7,2025-03-05,44,31,1,5,0
7,2025-03-06,44,31,1,5,0
7,2025-03-07,44,32,2,6,0
7,2025-03-08,44,32,2,6,0
7,2025-03-09,44,32,2,6,0
7,2025-03-10,44,32,2,5,0
7,2025-03-11,44,32,1,5,0
7,2025-03-12,44,32,1,5,0
7,2025-03-13,44,33,2,6,0
7,2025-03-14,44,33,1,6,0
7,2025-03-15,44,33,1,6,0
7,2025-03-16,44,33,1,6,0
7,2025-03-17,44,33,1,6,0
7,2025-03-18,44,33,1,6,0
7,2025-03-19,44,33,2,6,0
7,2025-03-20,44,33,2,7,0
7,2025-03-21,44,33,2,7,0
7,2025-03-22,44,33,2,7,0
7,2025-03-23,44,33,2,6,0
7,2025-03-24,44,33,2,6,0
7,2025-03-25,44,33,2,5,0
7,2025-03-26,44,33,1,5,0
7,2025-03-27,44,33,0,5,0
7,2025-03-28,44,33,1,6,0
7,2025-03-29,44,33,1,6,0
7,2025-03-30,44,33,1,6,0
7,2025-03-31,44,33,1,6,0
7,2025-04-01,44,33,1,6,0
7,2025-04-02,44,33,1,6,0
7,2025-04-03,44,33,2,6,0
7,2025-04-04,44,33,1,6,0
7,2025-04-05,44,33,1,6,0
7,2025-04-06,44,33,1,5,0
7,2025-04-07,44,33,1,5,0
7,2025-04-08,44,33,1,5,0
7,2025-04-09,44,34,2,6,1
7,2025-04-10,44,34,1,6,1
7,2025-04-11,44,34,1,6,1
7,2025-04-12,44,35,2,6,1
7,2025-04-13,44,35,2,6,1
7,2025-04-14,44,35,2,6,1
7,2025-04-15,44,35,2,6,1
7,2025-04-16,44,35,2,7,0
7,2025-04-17,44,35,2,7,0
7,2025-04-18,44,35,3,7,0
7,2025-04-19,44,35,2,6,0
7,2025-04-20,44,35,2,6,0
7,2025-04-21,44,35,3,7,0
7,2025-04-22,44,35,4,8,0
7,2025-04-23,44,35,3,8,0
7,2025-04-24,44,35,3,8,0
7,2025-04-25,44,35,2,8,0
7,2025-04-26,44,35,3,9,1
7,2025-04-27,44,35,3,8,1
7,2025-04-28,44,35,2,8,1
7,2025-04-29,44,35,1,8,1
7,2025-04-30,44,35,1,8,1
7,2025-05-01,44,35,1,8,1
7,2025-05-02,44,35,1,8,1
7,2025-05-03,44,35,0,7,0
7,2025-05-04,44,35,0,7,0
7,2025-05-05,44,35,0,7,0
7,2025-05-06,44,35,0,7,0
7,2025-05-07,44,35,0,7,0
7,2025-05-08,44,35,0,7,0
7,2025-05-09,44,35,0,6,0
7,2025-05-10,44,35,0,6,0
7,2025-05-11,44,35,0,6,0
7,2025-05-12,44,35,0,5,0
7,2025-05-13,44,35,0,5,0
7,2025-05-14,44,35,0,5,0
7,2025-05-15,44,35,0,5,0
7,2025-05-16,44,35,1,5,0
7,2025-05-17,44,36,2,6,0
7,2025-05-18,44,36,2,5,0
7,2025-05-19,44,36,2,5,0
7,2025-05-20,44,36,2,5,0
7,2025-05-21,44,36,3,5,0
7,2025-05-22,44,36,3,4,0
7,2025-05-23,44,36,2,4,0
7,2025-05-24,44,36,2,5,0
7,2025-05-25,44,36,2,5,0
7,2025-05-26,44,36,2,4,0
7,2025-05-27,44,36,2,4,0
7,2025-05-28,44,36,1,4,0
7,2025-05-29,44,36,1,4,0
7,2025-05-30,44,36,1,4,0
7,2025-05-31,44,36,0,4,0
7,2025-06-01,44,36,0,4,0
7,2025-06-02,44,36,0,4,0
7,2025-06-03,44,36,0,4,0
7,2025-06-04,44,36,0,4,0
7,2025-06-05,44,36,0,4,0
7,2025-06-06,44,36,0,4,0
7,2025-06-07,44,36,0,4,0
7,2025-06-08,44,36,0,4,0
7,2025-06-09,44,36,1,5,0
7,2025-06-10,44,36,1,5,0
7,2025-06-11,44,37,2,6,0
7,2025-06-12,44,37,2,6,0
7,2025-06-13,44,37,3,7,0
7,2025-06-14,44,37,3,7,0
7,2025-06-15,44,37,3,6,0
7,2025-06-16,44,37,2,5,0
7,2025-06-17,44,37,3,6,0
7,2025-06-18,44,37,2,6,0
7,2025-06-19,44,37,2,6,0
7,2025-06-20,44,37,1,5,0
7,2025-06-21,44,37,1,5,0
7,2025-06-22,44,37,1,5,0
7,2025-06-23,44,37,1,4,0
7,2025-06-24,44,37,0,4,0
7,2025-06-25,44,37,0,4,0
7,2025-06-26,44,37,1,5,0
7,2025-06-27,44,37,1,5,0
7,2025-06-28,44,38,2,6,0
7,2025-06-29,44,38,4,8,0
7,2025-06-30,44,38,4,8,0
7,2025-07-01,44,38,4,8,0
7,2025-07-02,44,38,4,8,0
7,2025-07-03,44,38,3,8,0
7,2025-07-04,44,38,3,8,0
7,2025-07-05,44,38,2,8,0
7,2025-07-06,44,38,0,8,0
7,2025-07-07,44,38,0,8,0
7,2025-07-08,44,38,0,8,0
7,2025-07-09,44,38,0,7,0
7,2025-07-10,44,38,0,7,0
7,2025-07-11,44,38,0,6,0
7,2025-07-12,44,38,0,6,0
7,2025-07-13,44,39,1,6,0
7,2025-07-14,44,39,1,6,0
7,2025-07-15,44,39,1,6,0
7,2025-07-16,44,39,3,8,0
7,2025-07-17,44,39,3,7,0
7,2025-07-18,44,39,3,7,0
7,2025-07-19,44,40,4,8,0
7,2025-07-20,44,40,4,9,0
7,2025-07-21,44,40,4,9,0
7,2025-07-22,44,40,4,9,0
7,2025-07-23,44,40,2,9,0
7,2025-07-24,44,40,2,9,0
7,2025-07-25,44,40,2,9,0
7,2025-07-26,44,40,1,8,0
7,2025-07-27,44,40,0,8,0
7,2025-07-28,44,40,0,7,0
7,2025-07-29,44,40,0,5,0
7,2025-07-30,44,40,0,5,0
7,2025-07-31,44,40,0,5,0
7,2025-08-01,44,40,1,6,0
7,2025-08-02,44,40,1,6,0
7,2025-08-03,44,40,1,6,0
7,2025-08-04,44,40,1,6,0
7,2025-08-05,44,40,2,7,0
7,2025-08-06,44,40,2,7,0
7,2025-08-07,44,40,2,7,0
7,2025-08-08,44,40,1,7,0
7,2025-08-09,44,40,1,7,0
7,2025-08-10,44,40,1,7,0
7,2025-08-11,44,40,1,7,0
7,2025-08-12,44,40,0,6,0
7,2025-08-13,44,40,0,6,0
7,2025-08-14,44,40,0,6,0
7,2025-08-15,44,40,0,4,0
7,2025-08-16,44,40,0,4,0
7,2025-08-17,44,40,0,4,0
7,2025-08-18,44,40,0,3,0
7,2025-08-19,44,40,0,2,0
7,2025-08-20,44,40,0,2,0
7,2025-08-21,44,40,1,3,1
7,2025-08-22,44,40,1,3,1
7,2025-08-23,44,40,1,3,1
7,2025-08-24,44,40,1,3,1
7,2025-08-25,44,40,1,3,1
7,2025-08-26,44,40,1,3,1
7,2025-08-27,44,40,1,3,1
7,2025-08-28,44,40,0,3,0
7,2025-08-29,44,40,0,3,0
7,2025-08-30,44,40,1,4,0
7,2025-08-31,44,40,1,3,0
7,2025-09-01,44,40,1,3,0
7,2025-09-02,44,40,1,3,0
7,2025-09-03,44,40,2,4,0
7,2025-09-04,44,40,2,3,0
7,2025-09-05,44,40,2,3,0
7,2025-09-06,44,40,1,3,0
7,2025-09-07,44,40,2,4,0
7,2025-09-08,44,40,2,4,0
7,2025-09-09,44,40,4,6,0
7,2025-09-10,44,40,3,6,0
7,2025-09-11,44,40,3,6,0
7,2025-09-12,44,40,3,6,0
7,2025-09-13,44,40,3,6,0
7,2025-09-14,44,40,2,6,0
7,2025-09-15,44,40,2,6,0
7,2025-09-16,44,40,0,6,0
7,2025-09-17,44,40,1,7,0
7,2025-09-18,44,40,1,7,0
7,2025-09-19,44,40,1,7,0
7,2025-09-20,44,40,2,7,0
7,2025-09-21,44,40,2,7,0
7,2025-09-22,44,40,3,8,0
7,2025-09-23,44,40,4,9,0
7,2025-09-24,44,40,3,9,0
7,2025-09-25,44,40,3,9,0
7,2025-09-26,44,40,3,9,0
7,2025-09-27,44,40,2,9,0
7,2025-09-28,44,40,2,9,0
7,2025-09-29,44,40,1,8,0
7,2025-09-30,44,40,0,8,0
7,2025-10-01,44,40,0,8,0
7,2025-10-02,44,40,0,8,0
7,2025-10-03,44,40,1,8,1
7,2025-10-04,44,40,1,8,1
7,2025-10-05,44,40,1,8,1
7,2025-10-06,44,40,1,8,1
7,2025-10-07,44,40,1,7,1
7,2025-10-08,44,40,1,7,1
7,2025-10-09,44,40,2,6,1
7,2025-10-10,44,40,1,6,0
7,2025-10-11,44,40,1,6,0
7,2025-10-12,44,40,1,6,0
7,2025-10-13,44,40,1,6,0
7,2025-10-14,44,40,1,6,0
7,2025-10-15,44,40,1,6,0
7,2025-10-16,44,40,0,6,0
7,2025-10-17,44,40,0,5,0
7,2025-10-18,44,40,0,5,0
7,2025-10-19,44,40,2,7,1
7,2025-10-20,44,40,2,6,1
7,2025-10-21,44,40,2,6,1
7,2025-10-22,44,40,2,5,1
7,2025-10-23,44,40,2,4,1
7,2025-10-24,44,40,2,4,1
7,2025-10-25,44,40,2,4,1
7,2025-10-26,44,40,0,4,0
7,2025-10-27,44,40,0,4,0
7,2025-10-28,44,40,0,4,0
7,2025-10-29,44,40,1,5,0
7,2025-10-30,44,40,1,5,0
7,2025-10-31,44,40,2,6,0
7,2025-11-01,44,40,2,6,0
7,2025-11-02,44,40,3,6,0
7,2025-11-03,44,40,3,6,0
7,2025-11-04,44,40,3,6,0
7,2025-11-05,44,40,2,6,0
7,2025-11-06,44,40,2,6,0
7,2025-11-07,44,40,1,6,0
7,2025-11-08,44,40,1,5,0
7,2025-11-09,44,40,0,5,0
7,2025-11-10,44,40,0,5,0
7,2025-11-11,44,40,0,5,0
7,2025-11-12,44,40,0,5,0
7,2025-11-13,44,40,0,5,0
7,2025-11-14,44,40,0,5,0
7,2025-11-15,44,41,2,7,0
7,2025-11-16,44,41,2,7,0
7,2025-11-17,44,41,2,7,0
7,2025-11-18,44,41,2,5,0
7,2025-11-19,44,41,2,5,0
7,2025-11-20,44,41,3,6,1
7,2025-11-21,44,41,3,6,1
7,2025-11-22,44,41,1,6,1
7,2025-11-23,44,41,2,7,1
7,2025-11-24,44,41,2,7,1
7,2025-11-25,44,41,2,7,1
7,2025-11-26,44,41,2,7,1
7,2025-11-27,44,41,1,7,0
7,2025-11-28,44,41,1,6,0
7,2025-11-29,44,41,1,6,0
7,2025-11-30,44,41,0,5,0
7,2025-12-01,44,41,0,5,0
7,2025-12-02,44,41,0,4,0
7,2025-12-03,44,41,0,4,0
7,2025-12-04,44,41,0,4,0
7,2025-12-05,44,41,0,4,0
7,2025-12-06,44,41,0,4,0
7,2025-12-07,44,41,1,5,0
7,2025-12-08,44,41,2,6,0
7,2025-12-09,44,41,4,8,0
7,2025-12-10,44,41,6,10,0
7,2025-12-11,44,41,6,10,0
7,2025-12-12,44,41,6,10,0
7,2025-12-13,44,41,6,10,0
7,2025-12-14,44,41,5,10,0
7,2025-12-15,44,41,4,8,0
7,2025-12-16,44,41,4,10,0
7,2025-12-17,44,41,3,11,0
7,2025-12-18,44,41,3,11,0
7,2025-12-19,44,41,3,11,0
7,2025-12-20,44,41,3,10,0
7,2025-12-21,44,41,3,10,0
7,2025-12-22,44,41,3,10,0
7,2025-12-23,44,41,1,9,0
7,2025-12-24,44,41,0,9,0
7,2025-12-25,44,41,2,11,0
7,2025-12-26,44,41,2,11,0
7,2025-12-27,44,41,2,11,0
7,2025-12-28,44,41,2,11,0
7,2025-12-29,44,41,2,11,0
7,2025-12-30,44,41,2,11,0
7,2025-12-31,44,41,2,11,0
11,2025-01-01,40,26,0,0,0
11,2025-01-02,40,26,0,0,0
11,2025-01-03,40,26,0,0,0
11,2025-01-04,40,26,0,0,0
11,2025-01-05,40,26,0,0,0
11,2025-01-06,40,27,1,1,1
11,2025-01-07,40,27,1,1,1
11,2025-01-08,40,27,1,1,1
11,2025-01-09,40,27,1,1,1
11,2025-01-10,40,27,3,3,1
11,2025-01-11,40,27,3,3,1
11,2025-01-12,40,27,3,3,1
11,2025-01-13,40,27,2,3,0
11,2025-01-14,40,27,2,3,0
11,2025-01-15,40,27,2,3,0
11,2025-01-16,40,27,2,3,0
11,2025-01-17,40,27,1,4,0
11,2025-01-18,40,27,1,4,0
11,2025-01-19,40,27,1,4,0
11,2025-01-20,40,27,1,4,0
11,2025-01-21,40,27,1,4,0
11,2025-01-22,40,27,2,5,1
11,2025-01-23,40,27,2,5,1
11,2025-01-24,40,27,1,5,1
11,2025-01-25,40,27,2,6,2
11,2025-01-26,40,27,2,6,2
11,2025-01-27,40,27,2,6,2
11,2025-01-28,40,27,3,7,2
11,2025-01-29,40,27,2,7,1
11,2025-01-30,40,27,2,7,1
11,2025-01-31,40,27,2,7,1
11,2025-02-01,40,27,1,7,0
11,2025-02-02,40,27,1,7,0
11,2025-02-03,40,27,1,7,0
11,2025-02-04,40,27,0,7,0
11,2025-02-05,40,27,0,6,0
11,2025-02-06,40,27,0,6,0
11,2025-02-07,40,27,0,6,0
11,2025-02-08,40,27,0,6,0
11,2025-02-09,40,27,0,4,0
11,2025-02-10,40,27,0,4,0
11,2025-02-11,40,27,0,4,0
11,2025-02-12,40,27,0,4,0
11,2025-02-13,40,27,0,4,0
11,2025-02-14,40,27,0,4,0
11,2025-02-15,40,27,0,4,0
11,2025-02-16,40,27,0,3,0
11,2025-02-17,40,27,0,3,0
11,2025-02-18,40,27,0,3,0
11,2025-02-19,40,27,0,3,0
11,2025-02-20,40,27,1,4,0
11,2025-02-21,40,27,1,3,0
11,2025-02-22,40,27,1,3,0
11,2025-02-23,40,27,1,3,0
11,2025-02-24,40,27,1,2,0
11,2025-02-25,40,27,1,2,0
11,2025-02-26,40,27,1,2,0
11,2025-02-27,40,27,0,1,0
11,2025-02-28,40,27,1,2,0
11,2025-03-01,40,27,1,2,0
11,2025-03-02,40,27,1,2,0
11,2025-03-03,40,27,1,2,0
11,2025-03-04,40,27,1,2,0
11,2025-03-05,40,27,1,2,0
11,2025-03-06,40,27,1,2,0
11,2025-03-07,40,27,0,2,0
11,2025-03-08,40,27,0,2,0
11,2025-03-09,40,27,0,2,0
11,2025-03-10,40,27,0,2,0
11,2025-03-11,40,27,0,2,0
11,2025-03-12,40,27,0,2,0
11,2025-03-13,40,27,1,3,0
11,2025-03-14,40,27,2,4,0
11,2025-03-15,40,27,2,4,0
11,2025-03-16,40,27,2,4,0
11,2025-03-17,40,27,2,4,0
11,2025-03-18,40,27,2,4,0
11,2025-03-19,40,27,2,4,0
11,2025-03-20,40,27,2,5,0
11,2025-03-21,40,27,1,5,0
11,2025-03-22,40,27,1,4,0
11,2025-03-23,40,27,1,4,0
11,2025-03-24,40,27,1,4,0
11,2025-03-25,40,27,1,4,0
11,2025-03-26,40,27,1,4,0
11,2025-03-27,40,27,0,4,0
11,2025-03-28,40,27,0,4,0
11,2025-03-29,40,27,0,4,0
11,2025-03-30,40,27,0,3,0
11,2025-03-31,40,27,1,4,1
11,2025-04-01,40,27,2,5,1
11,2025-04-02,40,27,2,5,1
11,2025-04-03,40,27,2,5,1
11,2025-04-04,40,27,2,5,1
11,2025-04-05,40,27,2,5,1
11,2025-04-06,40,27,2,5,1
11,2025-04-07,40,27,1,5,0
11,2025-04-08,40,27,0,5,0
11,2025-04-09,40,27,0,5,0
11,2025-04-10,40,27,0,5,0
11,2025-04-11,40,27,0,5,0
11,2025-04-12,40,27,0,4,0
11,2025-04-13,40,27,0,3,0
11,2025-04-14,40,27,0,3,0
11,2025-04-15,40,27,0,3,0
11,2025-04-16,40,27,0,3,0
11,2025-04-17,40,27,0,3,0
11,2025-04-18,40,27,0,3,0
11,2025-04-19,40,27,0,2,0
11,2025-04-20,40,27,0,2,0
11,2025-04-21,40,27,0,2,0
11,2025-04-22,40,27,0,2,0
11,2025-04-23,40,27,0,2,0
11,2025-04-24,40,27,0,2,0
11,2025-04-25,40,27,0,2,0
11,2025-04-26,40,27,1,3,1
11,2025-04-27,40,27,1,3,1
11,2025-04-28,40,27,1,3,1
11,2025-04-29,40,27,1,3,1
11,2025-04-30,40,27,1,2,1
11,2025-05-01,40,27,2,2,1
11,2025-05-02,40,27,2,2,1
11,2025-05-03,40,27,1,2,0
11,2025-05-04,40,27,1,2,0
11,2025-05-05,40,27,1,2,0
11,2025-05-06,40,27,1,2,0
11,2025-05-07,40,27,1,2,0
11,2025-05-08,40,27,0,2,0
11,2025-05-09,40,27,0,2,0
11,2025-05-10,40,27,0,2,0
11,2025-05-11,40,27,1,3,0
11,2025-05-12,40,27,1,3,0
11,2025-05-13,40,27,2,4,0
11,2025-05-14,40,27,2,4,0
11,2025-05-15,40,27,2,4,0
11,2025-05-16,40,27,2,4,0
11,2025-05-17,40,27,2,4,0
11,2025-05-18,40,27,1,4,0
11,2025-05-19,40,27,1,4,0
11,2025-05-20,40,27,0,4,0
11,2025-05-21,40,27,0,4,0
11,2025-05-22,40,27,0,4,0
11,2025-05-23,40,27,0,4,0
11,2025-05-24,40,27,0,4,0
11,2025-05-25,40,27,0,4,0
11,2025-05-26,40,27,0,3,0
11,2025-05-27,40,27,0,3,0
11,2025-05-28,40,27,0,3,0
11,2025-05-29,40,27,1,4,0
11,2025-05-30,40,27,1,4,0
11,2025-05-31,40,27,1,3,0
11,2025-06-01,40,27,1,3,0
11,2025-06-02,40,27,1,3,0
11,2025-06-03,40,27,2,4,0
11,2025-06-04,40,27,4,6,0
11,2025-06-05,40,27,3,6,0
11,2025-06-06,40,27,3,6,0
11,2025-06-07,40,27,3,6,0
11,2025-06-08,40,27,3,6,0
11,2025-06-09,40,28,5,8,0
11,2025-06-10,40,28,4,7,0
11,2025-06-11,40,28,3,8,1
11,2025-06-12,40,28,3,7,1
11,2025-06-13,40,28,3,7,1
11,2025-06-14,40,28,3,7,1
11,2025-06-15,40,28,3,7,1
11,2025-06-16,40,28,1,7,1
11,2025-06-17,40,28,1,7,1
11,2025-06-18,40,28,0,7,0
11,2025-06-19,40,28,0,7,0
11,2025-06-20,40,28,0,7,0
11,2025-06-21,40,28,0,7,0
11,2025-06-22,40,28,0,7,0
11,2025-06-23,40,28,0,7,0
11,2025-06-24,40,28,0,7,0
11,2025-06-25,40,28,2,9,0
11,2025-06-26,40,28,2,9,0
11,2025-06-27,40,28,2,9,0
11,2025-06-28,40,28,2,8,0
11,2025-06-29,40,28,2,8,0
11,2025-06-30,40,28,2,8,0
11,2025-07-01,40,28,2,8,0
11,2025-07-02,40,28,0,8,0
11,2025-07-03,40,28,0,7,0
11,2025-07-04,40,28,0,5,0
11,2025-07-05,40,28,0,5,0
11,2025-07-06,40,28,1,6,0
11,2025-07-07,40,28,1,6,0
11,2025-07-08,40,28,1,6,0
11,2025-07-09,40,28,2,5,0
11,2025-07-10,40,28,2,5,0
11,2025-07-11,40,28,2,4,0
11,2025-07-12,40,28,2,4,0
11,2025-07-13,40,28,1,4,0
11,2025-07-14,40,28,1,4,0
11,2025-07-15,40,28,1,4,0
11,2025-07-16,40,28,0,4,0
11,2025-07-17,40,28,0,4,0
11,2025-07-18,40,28,0,4,0
11,2025-07-19,40,28,0,4,0
11,2025-07-20,40,28,0,4,0
11,2025-07-21,40,28,0,4,0
11,2025-07-22,40,28,0,4,0
11,2025-07-23,40,28,0,4,0
11,2025-07-24,40,28,1,5,0
11,2025-07-25,40,28,1,3,0
11,2025-07-26,40,28,1,3,0
11,2025-07-27,40,28,1,3,0
11,2025-07-28,40,28,1,3,0
11,2025-07-29,40,28,1,3,0
11,2025-07-30,40,28,2,4,1
11,2025-07-31,40,28,2,5,1
11,2025-08-01,40,28,2,5,1
11,2025-08-02,40,28,2,5,1
11,2025-08-03,40,28,2,5,1
11,2025-08-04,40,28,2,5,1
11,2025-08-05,40,28,2,4,1
11,2025-08-06,40,28,1,4,0
11,2025-08-07,40,28,0,4,0
11,2025-08-08,40,28,1,4,0
11,2025-08-09,40,28,1,4,0
11,2025-08-10,40,28,1,4,0
11,2025-08-11,40,28,1,4,0
11,2025-08-12,40,28,1,4,0
11,2025-08-13,40,28,1,4,0
11,2025-08-14,40,28,1,4,0
11,2025-08-15,40,28,1,5,0
11,2025-08-16,40,28,1,5,0
11,2025-08-17,40,28,1,5,0
11,2025-08-18,40,28,1,5,0
11,2025-08-19,40,28,1,5,0
11,2025-08-20,40,28,1,5,0
11,2025-08-21,40,28,1,5,0
11,2025-08-22,40,28,0,5,0
11,2025-08-23,40,28,0,4,0
11,2025-08-24,40,28,1,5,0
11,2025-08-25,40,28,1,5,0
11,2025-08-26,40,28,1,5,0
11,2025-08-27,40,28,1,5,0
11,2025-08-28,40,28,1,5,0
11,2025-08-29,40,28,1,4,0
11,2025-08-30,40,28,1,3,0
11,2025-08-31,40,28,0,3,0
11,2025-09-01,40,28,0,3,0
11,2025-09-02,40,28,0,3,0
11,2025-09-03,40,28,0,3,0
11,2025-09-04,40,28,0,3,0
11,2025-09-05,40,28,0,3,0
11,2025-09-06,40,28,0,3,0
11,2025-09-07,40,28,1,3,0
11,2025-09-08,40,28,1,3,0
11,2025-09-09,40,28,1,3,0
11,2025-09-10,40,28,1,3,0
11,2025-09-11,40,28,1,3,0
11,2025-09-12,40,28,1,3,0
11,2025-09-13,40,28,1,3,0
11,2025-09-14,40,28,0,2,0
11,2025-09-15,40,28,0,2,0
11,2025-09-16,40,28,0,2,0
11,2025-09-17,40,28,0,2,0
11,2025-09-18,40,28,0,2,0
11,2025-09-19,40,28,0,2,0
11,2025-09-20,40,28,0,2,0
11,2025-09-21,40,28,0,2,0
11,2025-09-22,40,28,0,2,0
11,2025-09-23,40,28,0,1,0
11,2025-09-24,40,28,0,1,0
11,2025-09-25,40,28,0,1,0
11,2025-09-26,40,28,0,1,0
11,2025-09-27,40,28,0,1,0
11,2025-09-28,40,28,0,1,0
11,2025-09-29,40,28,0,1,0
11,2025-09-30,40,28,0,1,0
11,2025-10-01,40,28,1,2,0
11,2025-10-02,40,28,1,2,0
11,2025-10-03,40,28,1,2,0
11,2025-10-04,40,29,3,4,0
11,2025-10-05,40,29,3,4,0
11,2025-10-06,40,29,3,4,0
11,2025-10-07,40,29,3,3,0
11,2025-10-08,40,29,2,3,0
11,2025-10-09,40,29,2,3,0
11,2025-10-10,40,29,2,3,0
11,2025-10-11,40,29,0,3,0
11,2025-10-12,40,29,0,3,0
11,2025-10-13,40,29,0,3,0
11,2025-10-14,40,29,0,3,0
11,2025-10-15,40,29,0,3,0
11,2025-10-16,40,29,0,3,0
11,2025-10-17,40,29,1,4,0
11,2025-10-18,40,29,1,4,0
11,2025-10-19,40,29,1,4,0
11,2025-10-20,40,29,1,4,0
11,2025-10-21,40,29,1,4,0
11,2025-10-22,40,29,2,5,0
11,2025-10-23,40,29,2,5,0
11,2025-10-24,40,29,1,5,0
11,2025-10-25,40,29,1,5,0
11,2025-10-26,40,29,1,5,0
11,2025-10-27,40,29,1,5,0
11,2025-10-28,40,29,1,5,0
11,2025-10-29,40,29,0,5,0
11,2025-10-30,40,29,1,6,0
11,2025-10-31,40,29,1,5,0
11,2025-11-01,40,29,2,6,0
11,2025-11-02,40,29,2,6,0
11,2025-11-03,40,29,2,4,0
11,2025-11-04,40,29,2,4,0
11,2025-11-05,40,29,2,4,0
11,2025-11-06,40,29,1,4,0
11,2025-11-07,40,29,1,4,0
11,2025-11-08,40,29,0,4,0
11,2025-11-09,40,29,0,4,0
11,2025-11-10,40,29,0,4,0
11,2025-11-11,40,29,0,4,0
11,2025-11-12,40,29,1,5,0
11,2025-11-13,40,29,1,5,0
11,2025-11-14,40,29,1,5,0
11,2025-11-15,40,29,1,5,0
11,2025-11-16,40,29,1,4,0
11,2025-11-17,40,29,1,4,0
11,2025-11-18,40,29,1,4,0
11,2025-11-19,40,29,0,4,0
11,2025-11-20,40,29,0,4,0
11,2025-11-21,40,29,0,3,0
11,2025-11-22,40,29,0,3,0
11,2025-11-23,40,29,0,3,0
11,2025-11-24,40,29,0,3,0
11,2025-11-25,40,29,0,3,0
11,2025-11-26,40,29,0,3,0
11,2025-11-27,40,29,0,3,0
11,2025-11-28,40,29,0,3,0
11,2025-11-29,40,29,1,3,0
11,2025-11-30,40,29,1,3,0
11,2025-12-01,40,29,1,2,0
11,2025-12-02,40,29,1,2,0
11,2025-12-03,40,29,1,2,0
11,2025-12-04,40,29,2,3,0
11,2025-12-05,40,29,2,3,0
11,2025-12-06,40,29,1,3,0
11,2025-12-07,40,29,1,3,0
11,2025-12-08,40,29,1,3,0
11,2025-12-09,40,29,1,3,0
11,2025-12-10,40,29,1,3,0
11,2025-12-11,40,29,0,3,0
11,2025-12-12,40,29,0,2,0
11,2025-12-13,40,29,0,2,0
11,2025-12-14,40,29,0,2,0
11,2025-12-15,40,29,0,2,0
11,2025-12-16,40,29,0,2,0
11,2025-12-17,40,29,0,2,0
11,2025-12-18,40,29,0,2,0
11,2025-12-19,40,29,0,2,0
11,2025-12-20,40,29,0,2,0
11,2025-12-21,40,29,2,4,0
11,2025-12-22,40,29,2,4,0
11,2025-12-23,40,29,2,4,0
11,2025-12-24,40,29,2,4,0
11,2025-12-25,40,29,2,4,0
11,2025-12-26,40,29,2,4,0
11,2025-12-27,40,29,2,4,0
11,2025-12-28,40,29,1,5,0
11,2025-12-29,40,29,1,4,0
11,2025-12-30,40,29,2,5,0
11,2025-12-31,40,29,2,5,0
12,2025-01-01,47,34,0,1,0
12,2025-01-02,47,34,0,1,0
12,2025-01-03,47,34,0,1,0
12,2025-01-04,47,34,0,1,0
12,2025-01-05,47,34,0,1,0
12,2025-01-06,47,34,0,1,0
12,2025-01-07,47,34,1,2,0
12,2025-01-08,47,34,1,2,0
12,2025-01-09,47,34,1,2,0
12,2025-01-10,47,34,1,2,0
12,2025-01-11,47,34,1,2,0
12,2025-01-12,47,34,1,2,0
12,2025-01-13,47,34,1,2,0
12,2025-01-14,47,34,0,2,0
12,2025-01-15,47,34,0,2,0
12,2025-01-16,47,34,0,2,0
12,2025-01-17,47,34,0,2,0
12,2025-01-18,47,34,0,2,0
12,2025-01-19,47,34,0,1,0
12,2025-01-20,47,34,0,1,0
12,2025-01-21,47,34,1,2,0
12,2025-01-22,47,34,1,2,0
12,2025-01-23,47,34,1,2,0
12,2025-01-24,47,34,1,2,0
12,2025-01-25,47,34,1,2,0
12,2025-01-26,47,34,1,2,0
12,2025-01-27,47,34,1,2,0
12,2025-01-28,47,35,1,3,0
12,2025-01-29,47,35,1,3,0
12,2025-01-30,47,35,1,3,0
12,2025-01-31,47,35,1,3,0
12,2025-02-01,47,35,1,3,0
12,2025-02-02,47,35,2,4,0
12,2025-02-03,47,35,2,4,0
12,2025-02-04,47,35,1,4,0
12,2025-02-05,47,35,1,4,0
12,2025-02-06,47,35,1,3,0
12,2025-02-07,47,35,1,3,0
12,2025-02-08,47,35,1,3,0
12,2025-02-09,47,36,1,4,0
12,2025-02-10,47,36,1,4,0
12,2025-02-11,47,36,1,4,0
12,2025-02-12,47,36,1,4,0
12,2025-02-13,47,36,1,4,0
12,2025-02-14,47,36,2,5,0
12,2025-02-15,47,36,2,5,0
12,2025-02-16,47,36,2,6,0
12,2025-02-17,47,36,3,7,0
12,2025-02-18,47,36,3,7,0
12,2025-02-19,47,36,3,7,0
12,2025-02-20,47,36,3,6,0
12,2025-02-21,47,36,2,6,0
12,2025-02-22,47,36,3,7,0
12,2025-02-23,47,36,3,8,0
12,2025-02-24,47,36,2,8,0
12,2025-02-25,47,36,2,8,0
12,2025-02-26,47,36,2,8,0
12,2025-02-27,47,36,2,7,0
12,2025-02-28,47,36,3,8,0
12,2025-03-01,47,36,2,8,0
12,2025-03-02,47,36,1,8,0
12,2025-03-03,47,36,2,9,0
12,2025-03-04,47,36,3,9,0
12,2025-03-05,47,36,3,9,0
12,2025-03-06,47,36,4,10,0
12,2025-03-07,47,36,3,10,0
12,2025-03-08,47,36,3,10,0
12,2025-03-09,47,36,4,11,0
12,2025-03-10,47,36,3,11,0
12,2025-03-11,47,36,2,10,0
12,2025-03-12,47,36,2,10,0
12,2025-03-13,47,36,1,10,0
12,2025-03-14,47,36,1,10,0
12,2025-03-15,47,36,1,10,0
12,2025-03-16,47,36,0,9,0
12,2025-03-17,47,36,1,10,0
12,2025-03-18,47,36,1,9,0
12,2025-03-19,47,36,1,8,0
12,2025-03-20,47,36,2,9,0
12,2025-03-21,47,36,3,10,0
12,2025-03-22,47,36,3,10,0
12,2025-03-23,47,36,3,10,0
12,2025-03-24,47,36,2,9,0
12,2025-03-25,47,36,2,8,0
12,2025-03-26,47,36,2,8,0
12,2025-03-27,47,36,1,8,0
12,2025-03-28,47,36,1,9,0
12,2025-03-29,47,36,1,9,0
12,2025-03-30,47,36,2,9,0
12,2025-03-31,47,36,2,9,0
12,2025-04-01,47,36,2,9,0
12,2025-04-02,47,36,2,8,0
12,2025-04-03,47,36,3,8,0
12,2025-04-04,47,36,2,8,0
12,2025-04-05,47,36,2,7,0
12,2025-04-06,47,36,1,7,0
12,2025-04-07,47,36,1,7,0
12,2025-04-08,47,36,1,6,0
12,2025-04-09,47,36,1,6,0
12,2025-04-10,47,36,0,6,0
12,2025-04-11,47,36,0,6,0
12,2025-04-12,47,36,0,6,0
12,2025-04-13,47,36,1,7,1
12,2025-04-14,47,36,2,8,1
12,2025-04-15,47,36,2,8,1
12,2025-04-16,47,36,2,7,1
12,2025-04-17,47,36,4,9,1
12,2025-04-18,47,36,4,9,1
12,2025-04-19,47,36,5,9,1
12,2025-04-20,47,36,4,8,0
12,2025-04-21,47,36,3,8,0
12,2025-04-22,47,36,3,8,0
12,2025-04-23,47,36,4,9,0
12,2025-04-24,47,36,2,9,0
12,2025-04-25,47,36,2,9,0
12,2025-04-26,47,36,1,9,0
12,2025-04-27,47,36,1,8,0
12,2025-04-28,47,36,1,8,0
12,2025-04-29,47,36,1,7,0
12,2025-04-30,47,37,1,8,0
12,2025-05-01,47,37,1,8,0
12,2025-05-02,47,37,1,8,0
12,2025-05-03,47,37,1,7,0
12,2025-05-04,47,37,1,7,0
12,2025-05-05,47,37,1,7,0
12,2025-05-06,47,37,1,7,0
12,2025-05-07,47,37,0,7,0
12,2025-05-08,47,37,0,7,0
12,2025-05-09,47,37,0,7,0
12,2025-05-10,47,37,0,7,0
12,2025-05-11,47,37,0,7,0
12,2025-05-12,47,37,0,7,0
12,2025-05-13,47,37,0,6,0
12,2025-05-14,47,37,0,5,0
12,2025-05-15,47,37,0,5,0
12,2025-05-16,47,37,0,5,0
12,2025-05-17,47,37,0,3,0
12,2025-05-18,47,37,0,3,0
12,2025-05-19,47,37,0,2,0
12,2025-05-20,47,37,0,2,0
12,2025-05-21,47,37,0,2,0
12,2025-05-22,47,37,0,2,0
12,2025-05-23,47,37,0,1,0
12,2025-05-24,47,37,1,2,0
12,2025-05-25,47,37,1,2,0
12,2025-05-26,47,37,1,2,0
12,2025-05-27,47,37,2,3,0
12,2025-05-28,47,37,2,3,0
12,2025-05-29,47,37,2,3,0
12,2025-05-30,47,37,2,2,0
12,2025-05-31,47,37,1,2,0
12,2025-06-01,47,37,1,2,0
12,2025-06-02,47,37,1,2,0
12,2025-06-03,47,37,1,3,0
12,2025-06-04,47,38,2,4,0
12,2025-06-05,47,38,2,4,0
12,2025-06-06,47,38,2,4,0
12,2025-06-07,47,38,2,4,0
12,2025-06-08,47,38,2,4,0
12,2025-06-09,47,38,2,4,0
12,2025-06-10,47,38,1,4,0
12,2025-06-11,47,38,0,4,0
12,2025-06-12,47,38,0,4,0
12,2025-06-13,47,38,0,4,0
12,2025-06-14,47,38,0,4,0
12,2025-06-15,47,38,0,4,0
12,2025-06-16,47,38,0,4,0
12,2025-06-17,47,38,0,4,0
12,2025-06-18,47,38,0,4,0
12,2025-06-19,47,38,1,5,1
12,2025-06-20,47,38,1,5,1
12,2025-06-21,47,38,1,5,1
12,2025-06-22,47,38,1,5,1
12,2025-06-23,47,38,1,4,1
12,2025-06-24,47,38,1,4,1
12,2025-06-25,47,38,1,4,1
12,2025-06-26,47,38,2,5,1
12,2025-06-27,47,38,2,5,1
12,2025-06-28,47,39,3,6,1
12,2025-06-29,47,39,4,7,1
12,2025-06-30,47,39,4,7,1
12,2025-07-01,47,39,4,7,1
12,2025-07-02,47,39,4,7,1
12,2025-07-03,47,39,2,6,0
12,2025-07-04,47,39,2,5,0
12,2025-07-05,47,39,1,5,0
12,2025-07-06,47,39,1,6,0
12,2025-07-07,47,39,1,6,0
12,2025-07-08,47,39,1,6,0
12,2025-07-09,47,39,2,7,0
12,2025-07-10,47,39,3,8,0
12,2025-07-11,47,39,3,8,0
12,2025-07-12,47,39,3,8,0
12,2025-07-13,47,39,2,8,0
12,2025-07-14,47,39,2,8,0
12,2025-07-15,47,39,2,8,0
12,2025-07-16,47,39,1,8,0
12,2025-07-17,47,39,0,8,0
12,2025-07-18,47,39,0,8,0
12,2025-07-19,47,39,0,7,0
12,2025-07-20,47,39,0,7,0
12,2025-07-21,47,39,0,7,0
12,2025-07-22,47,39,0,7,0
12,2025-07-23,47,39,0,7,0
12,2025-07-24,47,39,0,7,0
12,2025-07-25,47,39,0,7,0
12,2025-07-26,47,39,0,5,0
12,2025-07-27,47,39,0,5,0
12,2025-07-28,47,39,0,4,0
12,2025-07-29,47,39,0,3,0
12,2025-07-30,47,39,1,4,0
12,2025-07-31,47,39,1,4,0
12,2025-08-01,47,39,1,4,0
12,2025-08-02,47,39,1,4,0
12,2025-08-03,47,39,2,5,0
12,2025-08-04,47,39,2,5,0
12,2025-08-05,47,39,2,4,0
12,2025-08-06,47,39,1,4,0
12,2025-08-07,47,39,1,4,0
12,2025-08-08,47,39,2,4,0
12,2025-08-09,47,39,4,5,1
12,2025-08-10,47,39,4,6,1
12,2025-08-11,47,39,4,6,1
12,2025-08-12,47,39,4,6,1
12,2025-08-13,47,39,5,7,2
12,2025-08-14,47,39,5,7,2
12,2025-08-15,47,39,4,7,2
12,2025-08-16,47,39,2,7,1
12,2025-08-17,47,39,2,8,1
12,2025-08-18,47,39,2,8,1
12,2025-08-19,47,39,2,8,1
12,2025-08-20,47,39,1,8,0
12,2025-08-21,47,39,2,9,0
12,2025-08-22,47,39,3,10,0
12,2025-08-23,47,39,3,10,0
12,2025-08-24,47,39,2,10,0
12,2025-08-25,47,39,2,10,0
12,2025-08-26,47,39,2,10,0
12,2025-08-27,47,39,2,10,0
12,2025-08-28,47,39,2,11,0
12,2025-08-29,47,39,1,10,0
12,2025-08-30,47,39,1,10,0
12,2025-08-31,47,39,1,10,0
12,2025-09-01,47,39,1,10,0
12,2025-09-02,47,39,1,9,0
12,2025-09-03,47,39,1,9,0
12,2025-09-04,47,39,0,9,0
12,2025-09-05,47,39,1,10,0
12,2025-09-06,47,39,1,10,0
12,2025-09-07,47,39,2,10,0
12,2025-09-08,47,39,2,8,0
12,2025-09-09,47,39,3,8,0
12,2025-09-10,47,39,3,8,0
12,2025-09-11,47,39,3,8,0
12,2025-09-12,47,39,2,7,0
12,2025-09-13,47,39,2,7,0
12,2025-09-14,47,39,1,7,0
12,2025-09-15,47,39,1,7,0
12,2025-09-16,47,39,1,7,0
12,2025-09-17,47,39,1,7,0
12,2025-09-18,47,39,2,8,0
12,2025-09-19,47,39,2,8,0
12,2025-09-20,47,39,3,8,0
12,2025-09-21,47,39,3,7,0
12,2025-09-22,47,39,4,8,0
12,2025-09-23,47,39,3,8,0
12,2025-09-24,47,39,3,8,0
12,2025-09-25,47,39,2,8,0
12,2025-09-26,47,39,2,8,0
12,2025-09-27,47,39,1,7,0
12,2025-09-28,47,39,1,7,0
12,2025-09-29,47,39,0,7,0
12,2025-09-30,47,39,0,7,0
12,2025-10-01,47,39,1,8,0
12,2025-10-02,47,39,1,8,0
12,2025-10-03,47,39,1,8,0
12,2025-10-04,47,39,1,8,0
12,2025-10-05,47,39,1,7,0
12,2025-10-06,47,39,1,7,0
12,2025-10-07,47,39,2,7,0
12,2025-10-08,47,39,1,7,0
12,2025-10-09,47,39,1,6,0
12,2025-10-10,47,39,2,7,0
12,2025-10-11,47,39,2,7,0
12,2025-10-12,47,39,2,7,0
12,2025-10-13,47,39,2,7,0
12,2025-10-14,47,39,1,7,0
12,2025-10-15,47,39,2,8,0
12,2025-10-16,47,39,2,7,0
12,2025-10-17,47,39,1,7,0
12,2025-10-18,47,39,1,6,0
12,2025-10-19,47,39,1,6,0
12,2025-10-20,47,39,1,5,0
12,2025-10-21,47,39,1,5,0
12,2025-10-22,47,39,0,4,0
12,2025-10-23,47,39,0,4,0
12,2025-10-24,47,39,0,4,0
12,2025-10-25,47,39,0,4,0
12,2025-10-26,47,39,0,4,0
12,2025-10-27,47,39,0,4,0
12,2025-10-28,47,39,0,4,0
12,2025-10-29,47,39,0,4,0
12,2025-10-30,47,39,0,4,0
12,2025-10-31,47,39,1,4,0
12,2025-11-01,47,39,1,4,0
12,2025-11-02,47,39,1,4,0
12,2025-11-03,47,39,1,4,0
12,2025-11-04,47,39,1,4,0
12,2025-11-05,47,39,1,4,0
12,2025-11-06,47,39,1,3,0
12,2025-11-07,47,39,0,3,0
12,2025-11-08,47,39,0,3,0
12,2025-11-09,47,39,0,2,0
12,2025-11-10,47,39,0,2,0
12,2025-11-11,47,39,0,2,0
12,2025-11-12,47,39,0,2,0
12,2025-11-13,47,39,0,2,0
12,2025-11-14,47,39,0,1,0
12,2025-11-15,47,39,0,1,0
12,2025-11-16,47,39,1,2,1
12,2025-11-17,47,39,2,3,2
12,2025-11-18,47,39,2,3,2
12,2025-11-19,47,39,2,3,2
12,2025-11-20,47,39,2,3,2
12,2025-11-21,47,39,2,3,2
12,2025-11-22,47,39,2,3,2
12,2025-11-23,47,39,1,3,1
12,2025-11-24,47,39,0,3,0
12,2025-11-25,47,39,0,3,0
12,2025-11-26,47,39,0,3,0
12,2025-11-27,47,39,0,3,0
12,2025-11-28,47,39,0,3,0
12,2025-11-29,47,39,0,3,0
12,2025-11-30,47,39,0,2,0
12,2025-12-01,47,39,0,2,0
12,2025-12-02,47,39,0,2,0
12,2025-12-03,47,39,0,2,0
12,2025-12-04,47,39,0,2,0
12,2025-12-05,47,39,0,2,0
12,2025-12-06,47,39,0,2,0
12,2025-12-07,47,39,0,2,0
12,2025-12-08,47,39,0,2,0
12,2025-12-09,47,39,0,2,0
12,2025-12-10,47,39,1,3,1
12,2025-12-11,47,39,1,3,1
12,2025-12-12,47,39,2,4,1
12,2025-12-13,47,39,3,5,1
12,2025-12-14,47,39,3,5,1
12,2025-12-15,47,39,3,5,1
12,2025-12-16,47,39,3,4,1
12,2025-12-17,47,39,2,3,0
12,2025-12-18,47,39,2,3,0
12,2025-12-19,47,39,2,4,0
12,2025-12-20,47,39,1,4,0
12,2025-12-21,47,39,1,4,0
12,2025-12-22,47,39,1,4,0
12,2025-12-23,47,39,2,5,0
12,2025-12-24,47,39,2,5,0
12,2025-12-25,47,39,2,5,0
12,2025-12-26,47,39,1,5,0
12,2025-12-27,47,39,1,5,0
12,2025-12-28,47,39,1,5,0
12,2025-12-29,47,39,1,5,0
12,2025-12-30,47,39,0,5,0
12,2025-12-31,47,39,0,5,0
17,2025-01-01,26,19,1,4,0
17,2025-01-02,26,19,0,4,0
17,2025-01-03,26,19,0,4,0
17,2025-01-04,26,19,0,4,0
17,2025-01-05,26,19,0,4,0
17,2025-01-06,26,19,0,4,0
17,2025-01-07,26,19,0,4,0
17,2025-01-08,26,19,0,4,0
17,2025-01-09,26,19,0,4,0
17,2025-01-10,26,19,0,4,0
17,2025-01-11,26,19,0,4,0
17,2025-01-12,26,19,0,4,0
17,2025-01-13,26,19,0,3,0
17,2025-01-14,26,19,0,3,0
17,2025-01-15,26,19,0,3,0
17,2025-01-16,26,19,0,3,0
17,2025-01-17,26,19,0,3,0
17,2025-01-18,26,19,0,3,0
17,2025-01-19,26,19,0,3,0
17,2025-01-20,26,19,0,3,0
17,2025-01-21,26,19,0,3,0
17,2025-01-22,26,19,0,3,0
17,2025-01-23,26,19,1,4,0
17,2025-01-24,26,19,1,2,0
17,2025-01-25,26,19,1,1,0
17,2025-01-26,26,19,1,1,0
17,2025-01-27,26,19,1,1,0
17,2025-01-28,26,19,1,1,0
17,2025-01-29,26,19,1,1,0
17,2025-01-30,26,19,0,1,0
17,2025-01-31,26,19,0,1,0
17,2025-02-01,26,19,0,1,0
17,2025-02-02,26,19,1,2,0
17,2025-02-03,26,19,1,2,0
17,2025-02-04,26,19,1,2,0
17,2025-02-05,26,19,1,2,0
17,2025-02-06,26,19,1,2,0
17,2025-02-07,26,19,1,2,0
17,2025-02-08,26,19,1,2,0
17,2025-02-09,26,19,0,2,0
17,2025-02-10,26,19,0,2,0
17,2025-02-11,26,19,0,2,0
17,2025-02-12,26,19,0,2,0
17,2025-02-13,26,19,0,2,0
17,2025-02-14,26,19,0,2,0
17,2025-02-15,26,19,0,2,0
17,2025-02-16,26,19,0,2,0
17,2025-02-17,26,19,0,2,0
17,2025-02-18,26,19,0,2,0
17,2025-02-19,26,19,0,2,0
17,2025-02-20,26,19,0,2,0
17,2025-02-21,26,19,0,2,0
17,2025-02-22,26,19,0,1,0
17,2025-02-23,26,19,0,1,0
17,2025-02-24,26,19,0,1,0
17,2025-02-25,26,19,0,1,0
17,2025-02-26,26,19,0,1,0
17,2025-02-27,26,19,1,2,0
17,2025-02-28,26,19,1,2,0
17,2025-03-01,26,19,1,2,0
17,2025-03-02,26,19,1,2,0
17,2025-03-03,26,19,1,2,0
17,2025-03-04,26,19,1,1,0
17,2025-03-05,26,19,2,2,0
17,2025-03-06,26,19,2,3,0
17,2025-03-07,26,19,2,3,0
17,2025-03-08,26,19,2,3,0
17,2025-03-09,26,19,3,4,0
17,2025-03-10,26,19,3,4,0
17,2025-03-11,26,19,3,4,0
17,2025-03-12,26,19,2,4,0
17,2025-03-13,26,19,1,4,0
17,2025-03-14,26,19,1,4,0
17,2025-03-15,26,19,1,4,0
17,2025-03-16,26,19,0,4,0
17,2025-03-17,26,19,0,4,0
17,2025-03-18,26,19,0,4,0
17,2025-03-19,26,19,0,4,0
17,2025-03-20,26,19,0,4,0
17,2025-03-21,26,19,0,4,0
17,2025-03-22,26,19,0,4,0
17,2025-03-23,26,19,0,4,0
17,2025-03-24,26,19,1,5,0
17,2025-03-25,26,19,1,5,0
17,2025-03-26,26,19,2,6,0
17,2025-03-27,26,19,2,6,0
17,2025-03-28,26,19,2,6,0
17,2025-03-29,26,19,2,5,0
17,2025-03-30,26,19,2,5,0
17,2025-03-31,26,19,1,5,0
17,2025-04-01,26,19,2,6,0
17,2025-04-02,26,19,1,6,0
17,2025-04-03,26,19,1,6,0
17,2025-04-04,26,19,1,5,0
17,2025-04-05,26,19,1,4,0
17,2025-04-06,26,19,1,4,0
17,2025-04-07,26,19,1,4,0
17,2025-04-08,26,19,0,3,0
17,2025-04-09,26,19,0,3,0
17,2025-04-10,26,19,0,3,0
17,2025-04-11,26,19,0,3,0
17,2025-04-12,26,19,0,3,0
17,2025-04-13,26,19,0,3,0
17,2025-04-14,26,19,0,3,0
17,2025-04-15,26,19,0,3,0
17,2025-04-16,26,19,1,4,0
17,2025-04-17,26,19,1,4,0
17,2025-04-18,26,19,1,4,0
17,2025-04-19,26,19,1,4,0
17,2025-04-20,26,19,1,4,0
17,2025-04-21,26,19,1,4,0
17,2025-04-22,26,19,2,5,0
17,2025-04-23,26,19,1,4,0
17,2025-04-24,26,19,1,4,0
17,2025-04-25,26,19,2,4,0
17,2025-04-26,26,19,2,4,0
17,2025-04-27,26,19,2,4,0
17,2025-04-28,26,19,3,5,0
17,2025-04-29,26,19,2,5,0
17,2025-04-30,26,19,2,5,0
17,2025-05-01,26,19,3,5,0
17,2025-05-02,26,19,2,5,0
17,2025-05-03,26,19,2,5,0
17,2025-05-04,26,19,2,5,0
17,2025-05-05,26,19,1,5,0
17,2025-05-06,26,19,1,5,0
17,2025-05-07,26,19,2,6,0
17,2025-05-08,26,19,1,6,0
17,2025-05-09,26,19,1,6,0
17,2025-05-10,26,19,1,6,0
17,2025-05-11,26,19,2,7,0
17,2025-05-12,26,19,2,7,0
17,2025-05-13,26,19,2,7,0
17,2025-05-14,26,19,2,8,0
17,2025-05-15,26,19,2,8,0
17,2025-05-16,26,19,2,7,0
17,2025-05-17,26,19,2,7,0
17,2025-05-18,26,19,1,7,0
17,2025-05-19,26,19,1,7,0
17,2025-05-20,26,19,1,7,0
17,2025-05-21,26,19,0,7,0
17,2025-05-22,26,19,0,6,0
17,2025-05-23,26,19,1,7,0
17,2025-05-24,26,19,1,7,0
17,2025-05-25,26,19,2,7,0
17,2025-05-26,26,19,2,7,0
17,2025-05-27,26,19,2,7,0
17,2025-05-28,26,19,2,6,0
17,2025-05-29,26,19,3,7,0
17,2025-05-30,26,19,2,7,0
17,2025-05-31,26,19,3,7,0
17,2025-06-01,26,19,2,7,0
17,2025-06-02,26,19,2,7,0
17,2025-06-03,26,19,2,7,0
17,2025-06-04,26,19,2,7,0
17,2025-06-05,26,19,2,8,0
17,2025-06-06,26,19,3,8,0
17,2025-06-07,26,19,2,8,0
17,2025-06-08,26,19,3,9,0
17,2025-06-09,26,19,4,10,1
17,2025-06-10,26,19,5,10,1
17,2025-06-11,26,19,5,10,1
17,2025-06-12,26,19,4,10,1
17,2025-06-13,26,19,4,10,1
17,2025-06-14,26,19,4,10,1
17,2025-06-15,26,19,3,10,1
17,2025-06-16,26,19,2,10,0
17,2025-06-17,26,19,1,10,0
17,2025-06-18,26,19,1,10,0
17,2025-06-19,26,19,1,10,0
17,2025-06-20,26,19,0,10,0
17,2025-06-21,26,19,0,10,0
17,2025-06-22,26,19,3,12,1
17,2025-06-23,26,19,3,12,1
17,2025-06-24,26,19,3,11,1
17,2025-06-25,26,19,3,11,1
17,2025-06-26,26,19,3,11,1
17,2025-06-27,26,19,4,12,2
17,2025-06-28,26,19,4,11,2
17,2025-06-29,26,19,1,11,1
17,2025-06-30,26,19,1,10,1
17,2025-07-01,26,19,1,10,1
17,2025-07-02,26,19,1,10,1
17,2025-07-03,26,19,2,11,1
17,2025-07-04,26,19,2,12,0
17,2025-07-05,26,19,2,11,0
17,2025-07-06,26,19,2,10,0
17,2025-07-07,26,19,3,11,0
17,2025-07-08,26,19,3,10,0
17,2025-07-09,26,19,4,10,0
17,2025-07-10,26,19,3,9,0
17,2025-07-11,26,19,3,10,0
17,2025-07-12,26,20,4,11,0
17,2025-07-13,26,20,4,10,0
17,2025-07-14,26,20,4,11,0
17,2025-07-15,26,20,4,11,0
17,2025-07-16,26,20,3,11,0
17,2025-07-17,26,20,3,11,0
17,2025-07-18,26,20,3,12,0
17,2025-07-19,26,20,2,12,0
17,2025-07-20,26,20,2,12,0
17,2025-07-21,26,20,1,12,0
17,2025-07-22,26,20,1,9,0
17,2025-07-23,26,20,1,9,0
17,2025-07-24,26,20,1,9,0
17,2025-07-25,26,20,0,9,0
17,2025-07-26,26,20,1,10,0
17,2025-07-27,26,20,1,9,0
17,2025-07-28,26,20,1,9,0
17,2025-07-29,26,20,1,9,0
17,2025-07-30,26,20,2,10,0
17,2025-07-31,26,20,2,10,0
17,2025-08-01,26,20,2,10,0
17,2025-08-02,26,20,1,9,0
17,2025-08-03,26,20,1,8,0
17,2025-08-04,26,20,1,8,0
17,2025-08-05,26,20,1,8,0
17,2025-08-06,26,20,0,7,0
17,2025-08-07,26,20,0,7,0
17,2025-08-08,26,20,0,6,0
17,2025-08-09,26,20,1,7,0
17,2025-08-10,26,20,1,6,0
17,2025-08-11,26,20,2,6,0
17,2025-08-12,26,20,2,6,0
17,2025-08-13,26,20,2,5,0
17,2025-08-14,26,20,2,5,0
17,2025-08-15,26,20,3,6,0
17,2025-08-16,26,20,2,6,0
17,2025-08-17,26,20,2,5,0
17,2025-08-18,26,20,1,5,0
17,2025-08-19,26,20,1,5,0
17,2025-08-20,26,20,2,6,1
17,2025-08-21,26,20,3,7,1
17,2025-08-22,26,20,2,7,1
17,2025-08-23,26,20,3,8,1
17,2025-08-24,26,20,4,9,1
17,2025-08-25,26,20,4,8,1
17,2025-08-26,26,20,5,9,1
17,2025-08-27,26,20,4,9,0
17,2025-08-28,26,20,3,9,0
17,2025-08-29,26,20,4,9,0
17,2025-08-30,26,20,3,9,0
17,2025-08-31,26,20,3,10,0
17,2025-09-01,26,20,3,10,0
17,2025-09-02,26,20,2,10,0
17,2025-09-03,26,20,3,11,0
17,2025-09-04,26,20,4,12,0
17,2025-09-05,26,20,3,12,0
17,2025-09-06,26,20,3,12,0
17,2025-09-07,26,20,3,13,0
17,2025-09-08,26,20,3,12,0
17,2025-09-09,26,20,3,12,0
17,2025-09-10,26,20,3,12,0
17,2025-09-11,26,20,3,13,0
17,2025-09-12,26,20,3,13,0
17,2025-09-13,26,20,3,13,0
17,2025-09-14,26,20,2,12,0
17,2025-09-15,26,20,2,12,0
17,2025-09-16,26,20,3,13,0
17,2025-09-17,26,20,2,13,0
17,2025-09-18,26,20,2,14,0
17,2025-09-19,26,20,2,13,0
17,2025-09-20,26,20,3,13,0
17,2025-09-21,26,20,3,13,0
17,2025-09-22,26,20,4,13,0
17,2025-09-23,26,20,3,12,0
17,2025-09-24,26,20,3,12,0
17,2025-09-25,26,20,3,12,1
17,2025-09-26,26,20,3,12,1
17,2025-09-27,26,20,3,13,1
17,2025-09-28,26,20,3,12,1
17,2025-09-29,26,20,2,12,1
17,2025-09-30,26,20,2,11,1
17,2025-10-01,26,20,2,11,1
17,2025-10-02,26,20,1,11,0
17,2025-10-03,26,20,2,11,0
17,2025-10-04,26,20,1,10,0
17,2025-10-05,26,20,1,10,0
17,2025-10-06,26,20,1,10,0
17,2025-10-07,26,20,2,10,0
17,2025-10-08,26,20,4,12,0
17,2025-10-09,26,20,4,12,0
17,2025-10-10,26,20,3,11,0
17,2025-10-11,26,20,3,10,0
17,2025-10-12,26,20,3,10,0
17,2025-10-13,26,20,3,10,0
17,2025-10-14,26,20,2,10,0
17,2025-10-15,26,20,0,10,0
17,2025-10-16,26,20,0,9,0
17,2025-10-17,26,20,0,9,0
17,2025-10-18,26,20,0,8,0
17,2025-10-19,26,20,0,8,0
17,2025-10-20,26,20,0,7,0
17,2025-10-21,26,20,0,7,0
17,2025-10-22,26,20,0,6,0
17,2025-10-23,26,20,0,6,0
17,2025-10-24,26,20,0,6,0
17,2025-10-25,26,20,0,5,0
17,2025-10-26,26,20,0,5,0
17,2025-10-27,26,20,0,4,0
17,2025-10-28,26,20,0,4,0
17,2025-10-29,26,20,0,4,0
17,2025-10-30,26,20,1,5,1
17,2025-10-31,26,20,1,5,1
17,2025-11-01,26,20,1,5,1
17,2025-11-02,26,20,1,4,1
17,2025-11-03,26,20,2,5,1
17,2025-11-04,26,20,2,5,1
17,2025-11-05,26,20,2,5,1
17,2025-11-06,26,20,1,4,0
17,2025-11-07,26,20,2,3,0
17,2025-11-08,26,20,2,3,0
17,2025-11-09,26,20,2,3,0
17,2025-11-10,26,20,1,3,0
17,2025-11-11,26,20,1,3,0
17,2025-11-12,26,20,1,3,0
17,2025-11-13,26,20,2,4,0
17,2025-11-14,26,20,1,4,0
17,2025-11-15,26,20,1,4,0
17,2025-11-16,26,20,2,5,0
17,2025-11-17,26,20,2,5,0
17,2025-11-18,26,20,2,5,0
17,2025-11-19,26,20,2,5,0
17,2025-11-20,26,20,1,5,0
17,2025-11-21,26,20,2,6,1
17,2025-11-22,26,20,3,7,2
17,2025-11-23,26,20,2,7,2
17,2025-11-24,26,20,2,7,2
17,2025-11-25,26,20,2,7,2
17,2025-11-26,26,20,2,7,2
17,2025-11-27,26,20,2,7,2
17,2025-11-28,26,20,2,8,1
17,2025-11-29,26,20,1,7,0
17,2025-11-30,26,20,1,7,0
17,2025-12-01,26,20,1,7,0
17,2025-12-02,26,20,1,7,0
17,2025-12-03,26,20,2,7,0
17,2025-12-04,26,20,2,7,0
17,2025-12-05,26,20,1,7,0
17,2025-12-06,26,20,1,7,0
17,2025-12-07,26,20,1,6,0
17,2025-12-08,26,20,1,6,0
17,2025-12-09,26,20,1,6,0
17,2025-12-10,26,20,0,6,0
17,2025-12-11,26,20,0,6,0
17,2025-12-12,26,20,0,6,0
17,2025-12-13,26,20,0,5,0
17,2025-12-14,26,20,0,5,0
17,2025-12-15,26,20,0,5,0
17,2025-12-16,26,20,0,4,0
17,2025-12-17,26,20,0,4,0
17,2025-12-18,26,20,0,4,0
17,2025-12-19,26,20,0,4,0
17,2025-12-20,26,20,0,4,0
17,2025-12-21,26,20,0,3,0
17,2025-12-22,26,20,0,2,0
17,2025-12-23,26,20,0,2,0
17,2025-12-24,26,20,1,3,1
17,2025-12-25,26,20,1,3,1
17,2025-12-26,26,20,1,3,1
17,2025-12-27,26,20,2,4,1
17,2025-12-28,26,20,2,3,1
17,2025-12-29,26,20,2,3,1
17,2025-12-30,26,20,2,3,1
17,2025-12-31,26,20,1,3,0
25,2025-01-01,21,12,0,1,0
25,2025-01-02,21,12,0,1,0
25,2025-01-03,21,12,0,1,0
25,2025-01-04,21,12,0,1,0
25,2025-01-05,21,12,0,1,0
25,2025-01-06,21,13,1,2,1
25,2025-01-07,21,13,1,2,1
25,2025-01-08,21,13,1,2,1
25,2025-01-09,21,13,1,2,1
25,2025-01-10,21,13,1,2,1
25,2025-01-11,21,13,2,3,1
25,2025-01-12,21,13,2,3,1
25,2025-01-13,21,13,1,3,0
25,2025-01-14,21,13,1,3,0
25,2025-01-15,21,13,1,3,0
25,2025-01-16,21,13,1,3,0
25,2025-01-17,21,13,1,3,0
25,2025-01-18,21,13,0,3,0
25,2025-01-19,21,13,0,2,0
25,2025-01-20,21,13,0,2,0
25,2025-01-21,21,13,0,2,0
25,2025-01-22,21,13,0,2,0
25,2025-01-23,21,13,0,2,0
25,2025-01-24,21,13,0,2,0
25,2025-01-25,21,13,0,2,0
25,2025-01-26,21,13,0,2,0
25,2025-01-27,21,13,0,2,0
25,2025-01-28,21,13,0,2,0
25,2025-01-29,21,13,0,2,0
25,2025-01-30,21,13,0,2,0
25,2025-01-31,21,13,0,2,0
25,2025-02-01,21,13,0,2,0
25,2025-02-02,21,13,0,2,0
25,2025-02-03,21,13,0,2,0
25,2025-02-04,21,13,0,2,0
25,2025-02-05,21,13,0,1,0
25,2025-02-06,21,13,0,1,0
25,2025-02-07,21,13,0,1,0
25,2025-02-08,21,13,0,1,0
25,2025-02-09,21,13,0,1,0
25,2025-02-10,21,13,0,0,0
25,2025-02-11,21,13,0,0,0
25,2025-02-12,21,13,0,0,0
25,2025-02-13,21,13,0,0,0
25,2025-02-14,21,13,0,0,0
25,2025-02-15,21,13,0,0,0
25,2025-02-16,21,13,0,0,0
25,2025-02-17,21,13,0,0,0
25,2025-02-18,21,13,0,0,0
25,2025-02-19,21,13,0,0,0
25,2025-02-20,21,13,0,0,0
25,2025-02-21,21,13,0,0,0
25,2025-02-22,21,13,0,0,0
25,2025-02-23,21,13,0,0,0
25,2025-02-24,21,13,0,0,0
25,2025-02-25,21,13,0,0,0
25,2025-02-26,21,13,0,0,0
25,2025-02-27,21,13,0,0,0
25,2025-02-28,21,13,0,0,0
25,2025-03-01,21,13,0,0,0
25,2025-03-02,21,13,0,0,0
25,2025-03-03,21,13,0,0,0
25,2025-03-04,21,13,0,0,0
25,2025-03-05,21,13,0,0,0
25,2025-03-06,21,13,0,0,0
25,2025-03-07,21,13,0,0,0
25,2025-03-08,21,13,0,0,0
25,2025-03-09,21,13,0,0,0
25,2025-03-10,21,13,0,0,0
25,2025-03-11,21,13,0,0,0
25,2025-03-12,21,13,0,0,0
25,2025-03-13,21,13,0,0,0
25,2025-03-14,21,13,1,1,0
25,2025-03-15,21,13,1,1,0
25,2025-03-16,21,13,1,1,0
25,2025-03-17,21,13,1,1,0
25,2025-03-18,21,13,1,1,0
25,2025-03-19,21,13,1,1,0
25,2025-03-20,21,13,2,2,0
25,2025-03-21,21,13,1,2,0
25,2025-03-22,21,13,1,2,0
25,2025-03-23,21,13,1,2,0
25,2025-03-24,21,13,1,2,0
25,2025-03-25,21,13,1,2,0
25,2025-03-26,21,13,2,3,0
25,2025-03-27,21,13,1,3,0
25,2025-03-28,21,13,1,3,0
25,2025-03-29,21,13,1,3,0
25,2025-03-30,21,13,1,3,0
25,2025-03-31,21,13,2,4,1
25,2025-04-01,21,13,3,5,1
25,2025-04-02,21,13,2,5,1
25,2025-04-03,21,13,2,5,1
25,2025-04-04,21,13,2,5,1
25,2025-04-05,21,13,2,5,1
25,2025-04-06,21,13,2,5,1
25,2025-04-07,21,13,1,5,0
25,2025-04-08,21,13,0,5,0
25,2025-04-09,21,13,0,5,0
25,2025-04-10,21,13,0,5,0
25,2025-04-11,21,13,0,5,0
25,2025-04-12,21,13,0,5,0
25,2025-04-13,21,13,0,4,0
25,2025-04-14,21,13,0,4,0
25,2025-04-15,21,13,0,4,0
25,2025-04-16,21,13,0,4,0
25,2025-04-17,21,13,0,4,0
25,2025-04-18,21,13,0,4,0
25,2025-04-19,21,13,0,3,0
25,2025-04-20,21,13,1,4,0
25,2025-04-21,21,13,1,4,0
25,2025-04-22,21,13,1,4,0
25,2025-04-23,21,13,1,4,0
25,2025-04-24,21,13,1,4,0
25,2025-04-25,21,13,2,4,0
25,2025-04-26,21,13,3,5,1
25,2025-04-27,21,13,2,5,1
25,2025-04-28,21,13,2,5,1
25,2025-04-29,21,13,2,5,1
25,2025-04-30,21,13,2,4,1
25,2025-05-01,21,13,2,3,1
25,2025-05-02,21,13,1,3,1
25,2025-05-03,21,13,0,3,0
25,2025-05-04,21,13,0,3,0
25,2025-05-05,21,13,0,3,0
25,2025-05-06,21,13,0,3,0
25,2025-05-07,21,13,0,3,0
25,2025-05-08,21,13,0,3,0
25,2025-05-09,21,13,0,3,0
25,2025-05-10,21,13,0,3,0
25,2025-05-11,21,13,1,4,0
25,2025-05-12,21,13,1,4,0
25,2025-05-13,21,13,2,5,0
25,2025-05-14,21,13,2,5,0
25,2025-05-15,21,13,2,5,0
25,2025-05-16,21,13,2,5,0
25,2025-05-17,21,13,2,5,0
25,2025-05-18,21,13,1,5,0
25,2025-05-19,21,13,1,5,0
25,2025-05-20,21,13,0,4,0
25,2025-05-21,21,13,0,4,0
25,2025-05-22,21,13,0,4,0
25,2025-05-23,21,13,0,4,0
25,2025-05-24,21,13,1,5,0
25,2025-05-25,21,13,1,4,0
25,2025-05-26,21,13,1,3,0
25,2025-05-27,21,13,1,3,0
25,2025-05-28,21,13,1,3,0
25,2025-05-29,21,13,1,3,0
25,2025-05-30,21,13,1,3,0
25,2025-05-31,21,13,0,3,0
25,2025-06-01,21,13,0,3,0
25,2025-06-02,21,13,0,3,0
25,2025-06-03,21,13,0,3,0
25,2025-06-04,21,13,0,3,0
25,2025-06-05,21,13,1,4,0
25,2025-06-06,21,13,1,4,0
25,2025-06-07,21,13,1,4,0
25,2025-06-08,21,13,1,4,0
25,2025-06-09,21,13,1,4,0
25,2025-06-10,21,13,1,3,0
25,2025-06-11,21,13,2,4,1
25,2025-06-12,21,13,1,3,1
25,2025-06-13,21,13,1,3,1
25,2025-06-14,21,13,1,3,1
25,2025-06-15,21,13,2,4,1
25,2025-06-16,21,13,2,4,1
25,2025-06-17,21,13,3,5,1
25,2025-06-18,21,13,2,5,0
25,2025-06-19,21,13,2,5,0
25,2025-06-20,21,13,2,5,0
25,2025-06-21,21,13,2,5,0
25,2025-06-22,21,13,1,5,0
25,2025-06-23,21,13,1,4,0
25,2025-06-24,21,13,0,4,0
25,2025-06-25,21,13,2,6,0
25,2025-06-26,21,13,2,6,0
25,2025-06-27,21,13,2,6,0
25,2025-06-28,21,13,2,6,0
25,2025-06-29,21,13,2,6,0
25,2025-06-30,21,13,2,6,0
25,2025-07-01,21,13,2,6,0
25,2025-07-02,21,13,0,6,0
25,2025-07-03,21,13,0,6,0
25,2025-07-04,21,13,0,6,0
25,2025-07-05,21,13,0,5,0
25,2025-07-06,21,13,0,5,0
25,2025-07-07,21,13,0,5,0
25,2025-07-08,21,13,0,5,0
25,2025-07-09,21,13,0,5,0
25,2025-07-10,21,13,0,5,0
25,2025-07-11,21,13,0,4,0
25,2025-07-12,21,13,0,4,0
25,2025-07-13,21,13,0,4,0
25,2025-07-14,21,13,0,4,0
25,2025-07-15,21,13,0,3,0
25,2025-07-16,21,13,0,3,0
25,2025-07-17,21,13,1,3,0
25,2025-07-18,21,13,1,3,0
25,2025-07-19,21,13,1,3,0
25,2025-07-20,21,13,1,3,0
25,2025-07-21,21,13,1,3,0
25,2025-07-22,21,13,1,3,0
25,2025-07-23,21,13,1,3,0
25,2025-07-24,21,13,0,3,0
25,2025-07-25,21,13,0,1,0
25,2025-07-26,21,13,0,1,0
25,2025-07-27,21,13,0,1,0
25,2025-07-28,21,13,0,1,0
25,2025-07-29,21,13,1,2,0
25,2025-07-30,21,13,1,2,0
25,2025-07-31,21,13,2,3,0
25,2025-08-01,21,13,2,3,0
25,2025-08-02,21,13,2,3,0
25,2025-08-03,21,13,2,3,0
25,2025-08-04,21,13,2,3,0
25,2025-08-05,21,13,1,3,0
25,2025-08-06,21,13,1,3,0
25,2025-08-07,21,13,0,3,0
25,2025-08-08,21,13,0,3,0
25,2025-08-09,21,13,0,3,0
25,2025-08-10,21,13,0,3,0
25,2025-08-11,21,13,0,3,0
25,2025-08-12,21,13,0,3,0
25,2025-08-13,21,13,0,3,0
25,2025-08-14,21,13,0,3,0
25,2025-08-15,21,13,1,4,0
25,2025-08-16,21,13,1,3,0
25,2025-08-17,21,13,1,3,0
25,2025-08-18,21,13,1,3,0
25,2025-08-19,21,13,1,3,0
25,2025-08-20,21,13,1,3,0
25,2025-08-21,21,13,1,3,0
25,2025-08-22,21,13,0,3,0
25,2025-08-23,21,13,0,3,0
25,2025-08-24,21,13,1,4,0
25,2025-08-25,21,13,1,4,0
25,2025-08-26,21,13,1,4,0
25,2025-08-27,21,13,1,4,0
25,2025-08-28,21,13,1,3,0
25,2025-08-29,21,13,1,3,0
25,2025-08-30,21,13,1,2,0
25,2025-08-31,21,13,0,2,0
25,2025-09-01,21,13,0,2,0
25,2025-09-02,21,13,0,2,0
25,2025-09-03,21,13,0,2,0
25,2025-09-04,21,13,0,2,0
25,2025-09-05,21,13,0,2,0
25,2025-09-06,21,13,0,2,0
25,2025-09-07,21,13,0,2,0
25,2025-09-08,21,13,0,2,0
25,2025-09-09,21,13,0,2,0
25,2025-09-10,21,13,0,2,0
25,2025-09-11,21,13,0,2,0
25,2025-09-12,21,13,0,2,0
25,2025-09-13,21,13,0,2,0
25,2025-09-14,21,14,1,2,0
25,2025-09-15,21,14,1,2,0
25,2025-09-16,21,14,1,2,0
25,2025-09-17,21,14,1,2,0
25,2025-09-18,21,14,1,2,0
25,2025-09-19,21,14,1,2,0
25,2025-09-20,21,14,2,3,0
25,2025-09-21,21,14,1,3,0
25,2025-09-22,21,14,1,3,0
25,2025-09-23,21,14,2,3,0
25,2025-09-24,21,14,2,3,0
25,2025-09-25,21,14,2,3,0
25,2025-09-26,21,14,2,3,0
25,2025-09-27,21,14,1,3,0
25,2025-09-28,21,14,1,3,0
25,2025-09-29,21,14,1,3,0
25,2025-09-30,21,14,0,3,0
25,2025-10-01,21,14,0,3,0
25,2025-10-02,21,14,0,3,0
25,2025-10-03,21,14,0,3,0
25,2025-10-04,21,15,1,4,0
25,2025-10-05,21,15,1,4,0
25,2025-10-06,21,15,1,4,0
25,2025-10-07,21,15,1,4,0
25,2025-10-08,21,15,1,4,0
25,2025-10-09,21,15,1,4,0
25,2025-10-10,21,15,1,4,0
25,2025-10-11,21,15,0,4,0
25,2025-10-12,21,15,0,4,0
25,2025-10-13,21,15,0,4,0
25,2025-10-14,21,15,0,3,0
25,2025-10-15,21,15,0,3,0
25,2025-10-16,21,15,0,3,0
25,2025-10-17,21,15,0,3,0
25,2025-10-18,21,15,0,3,0
25,2025-10-19,21,15,0,3,0
25,2025-10-20,21,15,0,2,0
25,2025-10-21,21,15,0,2,0
25,2025-10-22,21,15,1,3,0
25,2025-10-23,21,15,1,2,0
25,2025-10-24,21,15,1,2,0
25,2025-10-25,21,15,1,2,0
25,2025-10-26,21,15,1,2,0
25,2025-10-27,21,15,1,2,0
25,2025-10-28,21,15,1,2,0
25,2025-10-29,21,15,0,2,0
25,2025-10-30,21,15,0,2,0
25,2025-10-31,21,15,0,2,0
25,2025-11-01,21,15,1,3,0
25,2025-11-02,21,15,1,3,0
25,2025-11-03,21,15,1,2,0
25,2025-11-04,21,15,1,2,0
25,2025-11-05,21,15,1,2,0
25,2025-11-06,21,15,1,2,0
25,2025-11-07,21,15,1,2,0
25,2025-11-08,21,15,0,2,0
25,2025-11-09,21,15,0,2,0
25,2025-11-10,21,15,0,2,0
25,2025-11-11,21,15,0,2,0
25,2025-11-12,21,15,0,2,0
25,2025-11-13,21,15,0,2,0
25,2025-11-14,21,15,0,2,0
25,2025-11-15,21,15,0,2,0
25,2025-11-16,21,15,0,2,0
25,2025-11-17,21,15,0,2,0
25,2025-11-18,21,15,0,2,0
25,2025-11-19,21,15,0,2,0
25,2025-11-20,21,15,0,2,0
25,2025-11-21,21,15,0,1,0
25,2025-11-22,21,15,0,1,0
25,2025-11-23,21,15,0,1,0
25,2025-11-24,21,15,0,1,0
25,2025-11-25,21,15,0,1,0
25,2025-11-26,21,15,0,1,0
25,2025-11-27,21,15,0,1,0
25,2025-11-28,21,15,1,2,1
25,2025-11-29,21,15,2,3,1
25,2025-11-30,21,15,2,3,1
25,2025-12-01,21,15,2,2,1
25,2025-12-02,21,15,2,2,1
25,2025-12-03,21,15,2,2,1
25,2025-12-04,21,15,3,3,1
25,2025-12-05,21,15,2,3,0
25,2025-12-06,21,15,1,3,0
25,2025-12-07,21,15,1,3,0
25,2025-12-08,21,15,1,3,0
25,2025-12-09,21,15,1,3,0
25,2025-12-10,21,15,1,3,0
25,2025-12-11,21,15,0,3,0
25,2025-12-12,21,15,0,3,0
25,2025-12-13,21,15,0,3,0
25,2025-12-14,21,15,0,3,0
25,2025-12-15,21,15,0,3,0
25,2025-12-16,21,15,0,3,0
25,2025-12-17,21,15,0,3,0
25,2025-12-18,21,15,0,3,0
25,2025-12-19,21,15,0,3,0
25,2025-12-20,21,15,0,3,0
25,2025-12-21,21,15,0,3,0
25,2025-12-22,21,15,0,3,0
25,2025-12-23,21,15,0,3,0
25,2025-12-24,21,15,0,3,0
25,2025-12-25,21,15,0,3,0
25,2025-12-26,21,15,0,3,0
25,2025-12-27,21,15,0,3,0
25,2025-12-28,21,15,0,2,0
25,2025-12-29,21,15,0,1,0
25,2025-12-30,21,15,0,1,0
25,2025-12-31,21,15,0,1,0
26,2025-01-01,26,19,0,6,0
26,2025-01-02,26,19,0,6,0
26,2025-01-03,26,19,0,6,0
26,2025-01-04,26,19,0,5,0
26,2025-01-05,26,19,0,5,0
26,2025-01-06,26,19,0,5,0
26,2025-01-07,26,19,0,4,0
26,2025-01-08,26,19,0,3,0
26,2025-01-09,26,19,0,3,0
26,2025-01-10,26,19,0,3,0
26,2025-01-11,26,19,0,3,0
26,2025-01-12,26,19,1,3,0
26,2025-01-13,26,19,1,2,0
26,2025-01-14,26,19,1,2,0
26,2025-01-15,26,19,1,2,0
26,2025-01-16,26,19,1,2,0
26,2025-01-17,26,19,1,2,0
26,2025-01-18,26,19,1,2,0
26,2025-01-19,26,19,0,2,0
26,2025-01-20,26,19,0,2,0
26,2025-01-21,26,19,0,1,0
26,2025-01-22,26,19,1,2,0
26,2025-01-23,26,19,1,2,0
26,2025-01-24,26,19,1,2,0
26,2025-01-25,26,19,1,2,0
26,2025-01-26,26,20,2,3,0
26,2025-01-27,26,20,2,3,0
26,2025-01-28,26,20,2,3,0
26,2025-01-29,26,20,1,3,0
26,2025-01-30,26,20,1,3,0
26,2025-01-31,26,20,1,3,0
26,2025-02-01,26,20,1,3,0
26,2025-02-02,26,20,0,3,0
26,2025-02-03,26,20,0,3,0
26,2025-02-04,26,20,0,3,0
26,2025-02-05,26,20,0,3,0
26,2025-02-06,26,20,0,3,0
26,2025-02-07,26,20,0,3,0
26,2025-02-08,26,20,1,4,0
26,2025-02-09,26,20,1,4,0
26,2025-02-10,26,20,2,5,0
26,2025-02-11,26,20,2,4,0
26,2025-02-12,26,20,2,4,0
26,2025-02-13,26,20,2,4,0
26,2025-02-14,26,20,2,4,0
26,2025-02-15,26,20,1,4,0
26,2025-02-16,26,20,2,5,0
26,2025-02-17,26,20,1,5,0
26,2025-02-18,26,20,2,6,0
26,2025-02-19,26,20,2,6,0
26,2025-02-20,26,20,2,6,0
26,2025-02-21,26,20,2,5,0
26,2025-02-22,26,20,2,5,0
26,2025-02-23,26,20,1,5,0
26,2025-02-24,26,20,2,6,0
26,2025-02-25,26,20,1,5,0
26,2025-02-26,26,20,1,5,0
26,2025-02-27,26,20,1,5,0
26,2025-02-28,26,20,1,5,0
26,2025-03-01,26,20,1,5,0
26,2025-03-02,26,20,1,5,0
26,2025-03-03,26,20,0,5,0
26,2025-03-04,26,20,0,5,0
26,2025-03-05,26,20,0,5,0
26,2025-03-06,26,20,0,5,0
26,2025-03-07,26,20,0,5,0
26,2025-03-08,26,20,0,5,0
26,2025-03-09,26,20,0,5,0
26,2025-03-10,26,20,0,4,0
26,2025-03-11,26,20,0,4,0
26,2025-03-12,26,20,0,3,0
26,2025-03-13,26,20,0,3,0
26,2025-03-14,26,20,0,3,0
26,2025-03-15,26,20,0,3,0
26,2025-03-16,26,20,0,3,0
26,2025-03-17,26,20,0,3,0
26,2025-03-18,26,20,0,2,0
26,2025-03-19,26,20,0,2,0
26,2025-03-20,26,20,0,1,0
26,2025-03-21,26,20,0,1,0
26,2025-03-22,26,20,0,1,0
26,2025-03-23,26,20,0,1,0
26,2025-03-24,26,20,0,1,0
26,2025-03-25,26,20,0,1,0
26,2025-03-26,26,20,0,0,0
26,2025-03-27,26,20,0,0,0
26,2025-03-28,26,20,0,0,0
26,2025-03-29,26,20,0,0,0
26,2025-03-30,26,20,0,0,0
26,2025-03-31,26,20,0,0,0
26,2025-04-01,26,20,0,0,0
26,2025-04-02,26,20,0,0,0
26,2025-04-03,26,20,0,0,0
26,2025-04-04,26,20,0,0,0
26,2025-04-05,26,20,0,0,0
26,2025-04-06,26,20,1,1,0
26,2025-04-07,26,20,1,1,0
26,2025-04-08,26,20,1,1,0
26,2025-04-09,26,20,1,1,0
26,2025-04-10,26,20,1,1,0
26,2025-04-11,26,20,1,1,0
26,2025-04-12,26,20,1,1,0
26,2025-04-13,26,20,0,1,0
26,2025-04-14,26,20,0,1,0
26,2025-04-15,26,20,0,1,0
26,2025-04-16,26,20,0,1,0
26,2025-04-17,26,20,0,1,0
26,2025-04-18,26,20,0,1,0
26,2025-04-19,26,20,0,1,0
26,2025-04-20,26,20,0,1,0
26,2025-04-21,26,20,0,1,0
26,2025-04-22,26,20,0,1,0
26,2025-04-23,26,20,0,1,0
26,2025-04-24,26,20,0,1,0
26,2025-04-25,26,20,0,1,0
26,2025-04-26,26,20,1,2,0
26,2025-04-27,26,20,1,2,0
26,2025-04-28,26,20,1,2,0
26,2025-04-29,26,20,1,2,0
26,2025-04-30,26,20,1,2,0
26,2025-05-01,26,20,1,2,0
26,2025-05-02,26,20,1,2,0
26,2025-05-03,26,20,0,2,0
26,2025-05-04,26,20,0,2,0
26,2025-05-05,26,20,0,2,0
26,2025-05-06,26,20,0,1,0
26,2025-05-07,26,20,0,1,0
26,2025-05-08,26,20,0,1,0
26,2025-05-09,26,20,0,1,0
26,2025-05-10,26,20,0,1,0
26,2025-05-11,26,20,0,1,0
26,2025-05-12,26,20,0,1,0
26,2025-05-13,26,20,0,1,0
26,2025-05-14,26,20,0,1,0
26,2025-05-15,26,20,0,1,0
26,2025-05-16,26,20,0,1,0
26,2025-05-17,26,20,0,1,0
26,2025-05-18,26,20,0,1,0
26,2025-05-19,26,20,0,1,0
26,2025-05-20,26,20,0,1,0
26,2025-05-21,26,21,1,2,0
26,2025-05-22,26,21,1,2,0
26,2025-05-23,26,21,1,2,0
26,2025-05-24,26,21,1,2,0
26,2025-05-25,26,21,1,2,0
26,2025-05-26,26,21,1,1,0
26,2025-05-27,26,21,2,2,0
26,2025-05-28,26,21,2,3,1
26,2025-05-29,26,21,2,3,1
26,2025-05-30,26,21,2,3,1
26,2025-05-31,26,21,2,3,1
26,2025-06-01,26,21,3,4,1
26,2025-06-02,26,21,3,4,1
26,2025-06-03,26,21,2,4,1
26,2025-06-04,26,21,1,4,0
26,2025-06-05,26,21,1,4,0
26,2025-06-06,26,21,1,4,0
26,2025-06-07,26,21,1,4,0
26,2025-06-08,26,21,0,4,0
26,2025-06-09,26,21,0,4,0
26,2025-06-10,26,21,0,4,0
26,2025-06-11,26,21,0,4,0
26,2025-06-12,26,21,0,4,0
26,2025-06-13,26,21,0,4,0
26,2025-06-14,26,21,0,4,0
26,2025-06-15,26,21,0,4,0
26,2025-06-16,26,21,0,4,0
26,2025-06-17,26,21,0,4,0
26,2025-06-18,26,21,0,4,0
26,2025-06-19,26,21,1,5,0
26,2025-06-20,26,21,1,4,0
26,2025-06-21,26,21,1,4,0
26,2025-06-22,26,21,1,4,0
26,2025-06-23,26,21,1,4,0
26,2025-06-24,26,21,1,4,0
26,2025-06-25,26,21,1,4,0
26,2025-06-26,26,21,0,3,0
26,2025-06-27,26,21,0,2,0
26,2025-06-28,26,21,0,2,0
26,2025-06-29,26,21,0,2,0
26,2025-06-30,26,21,0,2,0
26,2025-07-01,26,21,0,1,0
26,2025-07-02,26,21,0,1,0
26,2025-07-03,26,21,0,1,0
26,2025-07-04,26,21,0,1,0
26,2025-07-05,26,21,1,2,0
26,2025-07-06,26,21,1,2,0
26,2025-07-07,26,21,1,2,0
26,2025-07-08,26,21,2,3,0
26,2025-07-09,26,21,2,3,0
26,2025-07-10,26,21,2,3,0
26,2025-07-11,26,21,2,3,0
26,2025-07-12,26,21,1,3,0
26,2025-07-13,26,21,1,3,0
26,2025-07-14,26,21,2,4,0
26,2025-07-15,26,21,1,4,0
26,2025-07-16,26,21,1,4,0
26,2025-07-17,26,21,1,4,0
26,2025-07-18,26,21,1,4,0
26,2025-07-19,26,21,1,3,0
26,2025-07-20,26,21,1,3,0
26,2025-07-21,26,21,0,3,0
26,2025-07-22,26,21,0,3,0
26,2025-07-23,26,21,0,3,0
26,2025-07-24,26,21,1,4,0
26,2025-07-25,26,21,1,4,0
26,2025-07-26,26,21,1,4,0
26,2025-07-27,26,21,1,4,0
26,2025-07-28,26,21,1,4,0
26,2025-07-29,26,21,1,4,0
26,2025-07-30,26,21,1,4,0
26,2025-07-31,26,21,0,4,0
26,2025-08-01,26,21,0,4,0
26,2025-08-02,26,21,0,4,0
26,2025-08-03,26,21,0,4,0
26,2025-08-04,26,21,0,3,0
26,2025-08-05,26,21,0,3,0
26,2025-08-06,26,21,1,4,0
26,2025-08-07,26,21,1,3,0
26,2025-08-08,26,21,1,3,0
26,2025-08-09,26,21,1,3,0
26,2025-08-10,26,21,1,3,0
26,2025-08-11,26,21,1,3,0
26,2025-08-12,26,21,1,3,0
26,2025-08-13,26,21,0,2,0
26,2025-08-14,26,21,0,2,0
26,2025-08-15,26,21,0,2,0
26,2025-08-16,26,21,1,3,1
26,2025-08-17,26,21,1,3,1
26,2025-08-18,26,21,1,3,1
26,2025-08-19,26,21,2,4,1
26,2025-08-20,26,21,2,4,1
26,2025-08-21,26,21,2,4,1
26,2025-08-22,26,21,2,4,1
26,2025-08-23,26,21,1,3,0
26,2025-08-24,26,21,1,3,0
26,2025-08-25,26,21,1,3,0
26,2025-08-26,26,21,0,3,0
26,2025-08-27,26,21,0,3,0
26,2025-08-28,26,21,0,3,0
26,2025-08-29,26,21,1,4,0
26,2025-08-30,26,21,1,4,0
26,2025-08-31,26,21,1,4,0
26,2025-09-01,26,21,1,4,0
26,2025-09-02,26,21,1,4,0
26,2025-09-03,26,21,1,4,0
26,2025-09-04,26,21,1,4,0
26,2025-09-05,26,21,0,3,0
26,2025-09-06,26,21,0,3,0
26,2025-09-07,26,21,0,3,0
26,2025-09-08,26,21,0,3,0
26,2025-09-09,26,21,0,3,0
26,2025-09-10,26,21,0,3,0
26,2025-09-11,26,21,0,3,0
26,2025-09-12,26,21,0,3,0
26,2025-09-13,26,21,0,3,0
26,2025-09-14,26,21,0,3,0
26,2025-09-15,26,21,0,2,0
26,2025-09-16,26,21,0,2,0
26,2025-09-17,26,21,0,2,0
26,2025-09-18,26,21,0,1,0
26,2025-09-19,26,21,0,1,0
26,2025-09-20,26,21,0,1,0
26,2025-09-21,26,21,0,1,0
26,2025-09-22,26,21,1,2,0
26,2025-09-23,26,21,1,2,0
26,2025-09-24,26,21,2,3,0
26,2025-09-25,26,21,2,3,0
26,2025-09-26,26,22,3,4,0
26,2025-09-27,26,22,4,5,0
26,2025-09-28,26,22,4,4,0
26,2025-09-29,26,22,3,4,0
26,2025-09-30,26,22,4,5,0
26,2025-10-01,26,22,3,5,0
26,2025-10-02,26,22,3,5,0
26,2025-10-03,26,23,4,7,0
26,2025-10-04,26,23,3,7,0
26,2025-10-05,26,23,3,7,0
26,2025-10-06,26,23,3,7,0
26,2025-10-07,26,23,2,7,0
26,2025-10-08,26,23,2,7,0
26,2025-10-09,26,23,2,7,0
26,2025-10-10,26,23,0,7,0
26,2025-10-11,26,23,0,7,0
26,2025-10-12,26,23,0,7,0
26,2025-10-13,26,23,1,8,0
26,2025-10-14,26,23,1,8,0
26,2025-10-15,26,23,1,8,0
26,2025-10-16,26,23,1,8,0
26,2025-10-17,26,23,1,8,0
26,2025-10-18,26,23,1,8,0
26,2025-10-19,26,23,1,8,0
26,2025-10-20,26,23,0,8,0
26,2025-10-21,26,23,0,8,0
26,2025-10-22,26,23,0,7,0
26,2025-10-23,26,23,0,7,0
26,2025-10-24,26,23,0,6,0
26,2025-10-25,26,23,0,6,0
26,2025-10-26,26,23,0,5,0
26,2025-10-27,26,23,0,4,0
26,2025-10-28,26,23,0,4,0
26,2025-10-29,26,23,0,4,0
26,2025-10-30,26,23,0,3,0
26,2025-10-31,26,23,0,3,0
26,2025-11-01,26,23,1,4,0
26,2025-11-02,26,23,1,2,0
26,2025-11-03,26,23,1,2,0
26,2025-11-04,26,23,2,3,0
26,2025-11-05,26,23,2,3,0
26,2025-11-06,26,23,2,3,0
26,2025-11-07,26,23,2,3,0
26,2025-11-08,26,23,1,3,0
26,2025-11-09,26,24,2,4,0
26,2025-11-10,26,24,3,5,0
26,2025-11-11,26,24,2,5,0
26,2025-11-12,26,24,3,5,0
26,2025-11-13,26,24,3,5,0
26,2025-11-14,26,24,3,5,0
26,2025-11-15,26,24,3,5,0
26,2025-11-16,26,24,2,5,0
26,2025-11-17,26,24,1,5,0
26,2025-11-18,26,24,1,5,0
26,2025-11-19,26,24,1,6,0
26,2025-11-20,26,24,1,6,0
26,2025-11-21,26,24,1,6,0
26,2025-11-22,26,24,1,6,0
26,2025-11-23,26,24,2,7,0
26,2025-11-24,26,24,2,7,0
26,2025-11-25,26,24,2,7,0
26,2025-11-26,26,24,1,7,0
26,2025-11-27,26,24,1,7,0
26,2025-11-28,26,24,1,7,0
26,2025-11-29,26,24,1,7,0
26,2025-11-30,26,24,0,7,0
26,2025-12-01,26,24,0,6,0
26,2025-12-02,26,24,0,6,0
26,2025-12-03,26,24,0,6,0
26,2025-12-04,26,24,0,5,0
26,2025-12-05,26,24,0,5,0
26,2025-12-06,26,24,0,5,0
26,2025-12-07,26,24,0,5,0
26,2025-12-08,26,24,0,5,0
26,2025-12-09,26,24,0,4,0
26,2025-12-10,26,24,0,3,0
26,2025-12-11,26,24,0,3,0
26,2025-12-12,26,24,0,2,0
26,2025-12-13,26,24,0,2,0
26,2025-12-14,26,24,0,2,0
26,2025-12-15,26,24,1,3,0
26,2025-12-16,26,24,1,3,0
26,2025-12-17,26,24,1,3,0
26,2025-12-18,26,24,1,3,0
26,2025-12-19,26,24,1,2,0
26,2025-12-20,26,24,1,2,0
26,2025-12-21,26,24,1,2,0
26,2025-12-22,26,24,0,2,0
26,2025-12-23,26,24,0,1,0
26,2025-12-24,26,24,0,1,0
26,2025-12-25,26,24,0,1,0
26,2025-12-26,26,24,1,2,0
26,2025-12-27,26,24,1,2,0
26,2025-12-28,26,24,1,2,0
26,2025-12-29,26,24,1,2,0
26,2025-12-30,26,24,1,2,0
26,2025-12-31,26,24,1,2,0
28,2025-01-01,15,12,0,2,0
28,2025-01-02,15,12,0,2,0
28,2025-01-03,15,12,0,2,0
28,2025-01-04,15,12,0,1,0
28,2025-01-05,15,12,0,1,0
28,2025-01-06,15,12,0,1,0
28,2025-01-07,15,12,0,1,0
28,2025-01-08,15,12,0,1,0
28,2025-01-09,15,12,0,1,0
28,2025-01-10,15,12,0,1,0
28,2025-01-11,15,12,0,1,0
28,2025-01-12,15,12,0,1,0
28,2025-01-13,15,12,0,1,0
28,2025-01-14,15,12,1,2,0
28,2025-01-15,15,12,1,2,0
28,2025-01-16,15,12,1,2,0
28,2025-01-17,15,12,1,2,0
28,2025-01-18,15,12,1,2,0
28,2025-01-19,15,12,1,2,0
28,2025-01-20,15,12,1,2,0
28,2025-01-21,15,12,0,2,0
28,2025-01-22,15,12,0,2,0
28,2025-01-23,15,12,0,1,0
28,2025-01-24,15,12,0,1,0
28,2025-01-25,15,12,0,1,0
28,2025-01-26,15,12,0,1,0
28,2025-01-27,15,12,0,1,0
28,2025-01-28,15,12,0,1,0
28,2025-01-29,15,12,0,1,0
28,2025-01-30,15,12,1,2,0
28,2025-01-31,15,12,1,2,0
28,2025-02-01,15,12,1,2,0
28,2025-02-02,15,12,1,2,0
28,2025-02-03,15,12,1,2,0
28,2025-02-04,15,12,1,2,0
28,2025-02-05,15,12,1,2,0
28,2025-02-06,15,12,0,2,0
28,2025-02-07,15,12,1,3,0
28,2025-02-08,15,12,1,3,0
28,2025-02-09,15,12,1,3,0
28,2025-02-10,15,12,1,3,0
28,2025-02-11,15,12,1,3,0
28,2025-02-12,15,12,1,3,0
28,2025-02-13,15,12,1,2,0
28,2025-02-14,15,12,0,2,0
28,2025-02-15,15,12,0,2,0
28,2025-02-16,15,12,0,2,0
28,2025-02-17,15,12,0,2,0
28,2025-02-18,15,12,0,2,0
28,2025-02-19,15,12,0,2,0
28,2025-02-20,15,12,0,2,0
28,2025-02-21,15,12,0,2,0
28,2025-02-22,15,12,0,2,0
28,2025-02-23,15,12,0,2,0
28,2025-02-24,15,12,0,2,0
28,2025-02-25,15,12,0,2,0
28,2025-02-26,15,12,0,2,0
28,2025-02-27,15,12,0,2,0
28,2025-02-28,15,13,1,3,0
28,2025-03-01,15,13,1,2,0
28,2025-03-02,15,13,1,2,0
28,2025-03-03,15,13,2,3,0
28,2025-03-04,15,13,2,3,0
28,2025-03-05,15,13,2,3,0
28,2025-03-06,15,13,2,3,0
28,2025-03-07,15,13,1,3,0
28,2025-03-08,15,13,1,3,0
28,2025-03-09,15,13,1,2,0
28,2025-03-10,15,13,0,2,0
28,2025-03-11,15,13,0,2,0
28,2025-03-12,15,13,1,3,0
28,2025-03-13,15,13,1,3,0
28,2025-03-14,15,13,1,3,0
28,2025-03-15,15,13,1,3,0
28,2025-03-16,15,13,1,3,0
28,2025-03-17,15,13,2,4,0
28,2025-03-18,15,13,2,4,0
28,2025-03-19,15,13,1,4,0
28,2025-03-20,15,13,1,4,0
28,2025-03-21,15,13,1,4,0
28,2025-03-22,15,13,1,4,0
28,2025-03-23,15,13,1,4,0
28,2025-03-24,15,13,0,4,0
28,2025-03-25,15,13,0,4,0
28,2025-03-26,15,13,0,4,0
28,2025-03-27,15,13,0,4,0
28,2025-03-28,15,13,0,4,0
28,2025-03-29,15,13,0,4,0
28,2025-03-30,15,13,0,3,0
28,2025-03-31,15,13,0,3,0
28,2025-04-01,15,13,0,3,0
28,2025-04-02,15,13,0,2,0
28,2025-04-03,15,13,0,2,0
28,2025-04-04,15,13,0,2,0
28,2025-04-05,15,13,0,2,0
28,2025-04-06,15,13,0,2,0
28,2025-04-07,15,13,1,3,0
28,2025-04-08,15,13,1,3,0
28,2025-04-09,15,13,2,4,0
28,2025-04-10,15,13,2,4,0
28,2025-04-11,15,13,2,3,0
28,2025-04-12,15,13,2,3,0
28,2025-04-13,15,13,2,3,0
28,2025-04-14,15,13,1,3,0
28,2025-04-15,15,13,1,3,0
28,2025-04-16,15,13,0,2,0
28,2025-04-17,15,13,0,2,0
28,2025-04-18,15,13,0,2,0
28,2025-04-19,15,13,0,2,0
28,2025-04-20,15,13,0,2,0
28,2025-04-21,15,13,0,2,0
28,2025-04-22,15,13,1,3,0
28,2025-04-23,15,13,1,3,0
28,2025-04-24,15,13,1,3,0
28,2025-04-25,15,13,1,3,0
28,2025-04-26,15,13,1,3,0
28,2025-04-27,15,13,1,3,0
28,2025-04-28,15,13,1,3,0
28,2025-04-29,15,13,0,3,0
28,2025-04-30,15,13,0,3,0
28,2025-05-01,15,14,1,4,0
28,2025-05-02,15,14,1,4,0
28,2025-05-03,15,14,1,4,0
28,2025-05-04,15,14,1,4,0
28,2025-05-05,15,14,1,4,0
28,2025-05-06,15,14,1,4,0
28,2025-05-07,15,14,1,3,0
28,2025-05-08,15,14,0,3,0
28,2025-05-09,15,14,0,2,0
28,2025-05-10,15,14,0,2,0
28,2025-05-11,15,14,0,2,0
28,2025-05-12,15,14,0,2,0
28,2025-05-13,15,14,0,2,0
28,2025-05-14,15,14,0,2,0
28,2025-05-15,15,14,0,2,0
28,2025-05-16,15,14,0,2,0
28,2025-05-17,15,14,0,2,0
28,2025-05-18,15,14,0,2,0
28,2025-05-19,15,14,0,2,0
28,2025-05-20,15,14,0,2,0
28,2025-05-21,15,14,0,2,0
28,2025-05-22,15,14,0,1,0
28,2025-05-23,15,14,0,1,0
28,2025-05-24,15,14,0,1,0
28,2025-05-25,15,14,0,1,0
28,2025-05-26,15,14,0,1,0
28,2025-05-27,15,14,0,1,0
28,2025-05-28,15,14,0,1,0
28,2025-05-29,15,14,0,1,0
28,2025-05-30,15,14,0,1,0
28,2025-05-31,15,14,0,0,0
28,2025-06-01,15,14,0,0,0
28,2025-06-02,15,14,0,0,0
28,2025-06-03,15,14,0,0,0
28,2025-06-04,15,14,0,0,0
28,2025-06-05,15,14,0,0,0
28,2025-06-06,15,14,0,0,0
28,2025-06-07,15,14,0,0,0
28,2025-06-08,15,14,0,0,0
28,2025-06-09,15,14,0,0,0
28,2025-06-10,15,14,0,0,0
28,2025-06-11,15,14,0,0,0
28,2025-06-12,15,14,0,0,0
28,2025-06-13,15,14,0,0,0
28,2025-06-14,15,14,0,0,0
28,2025-06-15,15,14,0,0,0
28,2025-06-16,15,14,0,0,0
28,2025-06-17,15,14,0,0,0
28,2025-06-18,15,14,0,0,0
28,2025-06-19,15,14,0,0,0
28,2025-06-20,15,14,0,0,0
28,2025-06-21,15,14,0,0,0
28,2025-06-22,15,14,0,0,0
28,2025-06-23,15,14,0,0,0
28,2025-06-24,15,14,0,0,0
28,2025-06-25,15,14,0,0,0
28,2025-06-26,15,14,0,0,0
28,2025-06-27,15,14,1,1,0
28,2025-06-28,15,14,1,1,0
28,2025-06-29,15,14,1,1,0
28,2025-06-30,15,14,1,1,0
28,2025-07-01,15,14,1,1,0
28,2025-07-02,15,14,1,1,0
28,2025-07-03,15,14,1,1,0
28,2025-07-04,15,14,0,1,0
28,2025-07-05,15,14,0,1,0
28,2025-07-06,15,14,0,1,0
28,2025-07-07,15,14,0,1,0
28,2025-07-08,15,14,1,2,0
28,2025-07-09,15,14,1,2,0
28,2025-07-10,15,14,1,2,0
28,2025-07-11,15,14,1,2,0
28,2025-07-12,15,14,1,2,0
28,2025-07-13,15,14,1,2,0
28,2025-07-14,15,14,1,2,0
28,2025-07-15,15,14,0,2,0
28,2025-07-16,15,14,0,2,0
28,2025-07-17,15,14,0,2,0
28,2025-07-18,15,14,1,3,1
28,2025-07-19,15,14,1,3,1
28,2025-07-20,15,14,1,3,1
28,2025-07-21,15,14,1,3,1
28,2025-07-22,15,14,1,3,1
28,2025-07-23,15,14,1,3,1
28,2025-07-24,15,14,1,3,1
28,2025-07-25,15,14,1,4,0
28,2025-07-26,15,14,1,4,0
28,2025-07-27,15,14,1,3,0
28,2025-07-28,15,14,1,3,0
28,2025-07-29,15,14,1,3,0
28,2025-07-30,15,14,1,3,0
28,2025-07-31,15,14,1,3,0
28,2025-08-01,15,14,0,3,0
28,2025-08-02,15,14,1,4,1
28,2025-08-03,15,14,1,4,1
28,2025-08-04,15,14,1,4,1
28,2025-08-05,15,14,1,4,1
28,2025-08-06,15,14,1,4,1
28,2025-08-07,15,14,1,3,1
28,2025-08-08,15,14,1,3,1
28,2025-08-09,15,14,0,3,0
28,2025-08-10,15,14,0,3,0
28,2025-08-11,15,14,0,3,0
28,2025-08-12,15,14,0,3,0
28,2025-08-13,15,14,0,3,0
28,2025-08-14,15,14,0,3,0
28,2025-08-15,15,14,1,4,0
28,2025-08-16,15,14,1,4,0
28,2025-08-17,15,14,1,3,0
28,2025-08-18,15,14,1,3,0
28,2025-08-19,15,14,1,3,0
28,2025-08-20,15,14,1,3,0
28,2025-08-21,15,14,1,3,0
28,2025-08-22,15,14,0,3,0
28,2025-08-23,15,14,0,3,0
28,2025-08-24,15,14,0,2,0
28,2025-08-25,15,14,0,2,0
28,2025-08-26,15,14,0,2,0
28,2025-08-27,15,14,0,2,0
28,2025-08-28,15,14,0,2,0
28,2025-08-29,15,14,0,2,0
28,2025-08-30,15,14,0,2,0
28,2025-08-31,15,14,1,3,1
28,2025-09-01,15,14,1,2,1
28,2025-09-02,15,14,2,3,1
28,2025-09-03,15,14,2,3,1
28,2025-09-04,15,14,2,3,1
28,2025-09-05,15,14,2,3,1
28,2025-09-06,15,14,2,3,1
28,2025-09-07,15,14,1,3,0
28,2025-09-08,15,14,1,3,0
28,2025-09-09,15,14,0,3,0
28,2025-09-10,15,14,0,3,0
28,2025-09-11,15,14,0,3,0
28,2025-09-12,15,14,0,3,0
28,2025-09-13,15,14,0,3,0
28,2025-09-14,15,14,0,2,0
28,2025-09-15,15,14,0,2,0
28,2025-09-16,15,14,0,2,0
28,2025-09-17,15,14,0,2,0
28,2025-09-18,15,14,0,2,0
28,2025-09-19,15,14,0,2,0
28,2025-09-20,15,14,0,2,0
28,2025-09-21,15,14,0,2,0
28,2025-09-22,15,14,1,3,0
28,2025-09-23,15,14,1,3,0
28,2025-09-24,15,14,1,3,0
28,2025-09-25,15,14,1,3,0
28,2025-09-26,15,14,1,3,0
28,2025-09-27,15,14,2,4,0
28,2025-09-28,15,14,2,4,0
28,2025-09-29,15,14,1,4,0
28,2025-09-30,15,14,1,3,0
28,2025-10-01,15,14,2,4,0
28,2025-10-02,15,14,2,3,0
28,2025-10-03,15,14,2,3,0
28,2025-10-04,15,14,1,3,0
28,2025-10-05,15,14,1,3,0
28,2025-10-06,15,14,1,3,0
28,2025-10-07,15,14,1,3,0
28,2025-10-08,15,14,0,3,0
28,2025-10-09,15,14,0,3,0
28,2025-10-10,15,14,0,3,0
28,2025-10-11,15,14,0,3,0
28,2025-10-12,15,14,0,3,0
28,2025-10-13,15,14,0,3,0
28,2025-10-14,15,14,0,3,0
28,2025-10-15,15,14,0,3,0
28,2025-10-16,15,14,0,3,0
28,2025-10-17,15,14,0,3,0
28,2025-10-18,15,14,0,3,0
28,2025-10-19,15,14,0,3,0
28,2025-10-20,15,14,0,3,0
28,2025-10-21,15,14,0,3,0
28,2025-10-22,15,14,0,2,0
28,2025-10-23,15,14,0,2,0
28,2025-10-24,15,14,0,2,0
28,2025-10-25,15,14,0,2,0
28,2025-10-26,15,14,1,3,0
28,2025-10-27,15,14,1,2,0
28,2025-10-28,15,14,1,2,0
28,2025-10-29,15,14,1,2,0
28,2025-10-30,15,14,2,3,0
28,2025-10-31,15,14,2,2,0
28,2025-11-01,15,14,2,2,0
28,2025-11-02,15,14,1,2,0
28,2025-11-03,15,14,1,2,0
28,2025-11-04,15,14,1,2,0
28,2025-11-05,15,14,1,2,0
28,2025-11-06,15,14,0,2,0
28,2025-11-07,15,14,0,2,0
28,2025-11-08,15,14,0,2,0
28,2025-11-09,15,14,0,2,0
28,2025-11-10,15,14,0,2,0
28,2025-11-11,15,14,0,2,0
28,2025-11-12,15,14,0,2,0
28,2025-11-13,15,14,1,3,0
28,2025-11-14,15,14,1,3,0
28,2025-11-15,15,14,1,3,0
28,2025-11-16,15,14,1,3,0
28,2025-11-17,15,14,1,3,0
28,2025-11-18,15,14,1,3,0
28,2025-11-19,15,14,1,3,0
28,2025-11-20,15,14,1,4,0
28,2025-11-21,15,14,1,4,0
28,2025-11-22,15,14,1,4,0
28,2025-11-23,15,14,1,4,0
28,2025-11-24,15,14,1,4,0
28,2025-11-25,15,14,1,3,0
28,2025-11-26,15,14,1,3,0
28,2025-11-27,15,14,1,4,0
28,2025-11-28,15,14,1,4,0
28,2025-11-29,15,14,1,3,0
28,2025-11-30,15,14,1,3,0
28,2025-12-01,15,14,1,3,0
28,2025-12-02,15,14,1,3,0
28,2025-12-03,15,14,1,3,0
28,2025-12-04,15,14,0,3,0
28,2025-12-05,15,14,1,4,0
28,2025-12-06,15,14,1,4,0
28,2025-12-07,15,14,1,4,0
28,2025-12-08,15,14,1,4,0
28,2025-12-09,15,14,1,4,0
28,2025-12-10,15,14,1,4,0
28,2025-12-11,15,14,1,4,0
28,2025-12-12,15,14,0,4,0
28,2025-12-13,15,14,0,3,0
28,2025-12-14,15,14,0,3,0
28,2025-12-15,15,14,0,3,0
28,2025-12-16,15,14,0,3,0
28,2025-12-17,15,14,0,3,0
28,2025-12-18,15,14,0,3,0
28,2025-12-19,15,14,0,3,0
28,2025-12-20,15,14,0,2,0
28,2025-12-21,15,14,0,2,0
28,2025-12-22,15,14,0,2,0
28,2025-12-23,15,14,0,2,0
28,2025-12-24,15,14,0,2,0
28,2025-12-25,15,14,0,2,0
28,2025-12-26,15,14,1,3,0
28,2025-12-27,15,14,1,2,0
28,2025-12-28,15,14,1,2,0
28,2025-12-29,15,14,1,2,0
28,2025-12-30,15,14,1,2,0
28,2025-12-31,15,14,1,2,0
50,2025-01-01,40,22,0,1,0
50,2025-01-02,40,22,0,1,0
50,2025-01-03,40,22,0,1,0
50,2025-01-04,40,22,0,1,0
50,2025-01-05,40,22,0,1,0
50,2025-01-06,40,22,0,1,0
50,2025-01-07,40,22,0,1,0
50,2025-01-08,40,22,0,1,0
50,2025-01-09,40,22,0,1,0
50,2025-01-10,40,22,0,1,0
50,2025-01-11,40,22,0,1,0
50,2025-01-12,40,22,0,1,0
50,2025-01-13,40,22,0,1,0
50,2025-01-14,40,22,0,1,0
50,2025-01-15,40,22,0,1,0
50,2025-01-16,40,22,0,0,0
50,2025-01-17,40,22,0,0,0
50,2025-01-18,40,22,0,0,0
50,2025-01-19,40,22,0,0,0
50,2025-01-20,40,22,0,0,0
50,2025-01-21,40,22,0,0,0
50,2025-01-22,40,22,0,0,0
50,2025-01-23,40,22,0,0,0
50,2025-01-24,40,22,0,0,0
50,2025-01-25,40,22,0,0,0
50,2025-01-26,40,22,0,0,0
50,2025-01-27,40,22,1,1,0
50,2025-01-28,40,22,1,1,0
50,2025-01-29,40,22,2,2,1
50,2025-01-30,40,23,3,3,2
50,2025-01-31,40,23,3,3,2
50,2025-02-01,40,23,3,3,2
50,2025-02-02,40,23,3,3,2
50,2025-02-03,40,23,2,3,2
50,2025-02-04,40,23,2,3,2
50,2025-02-05,40,23,1,3,1
50,2025-02-06,40,23,0,3,0
50,2025-02-07,40,23,0,3,0
50,2025-02-08,40,23,0,3,0
50,2025-02-09,40,23,0,3,0
50,2025-02-10,40,23,0,3,0
50,2025-02-11,40,23,0,3,0
50,2025-02-12,40,23,0,3,0
50,2025-02-13,40,23,0,3,0
50,2025-02-14,40,23,0,3,0
50,2025-02-15,40,23,0,3,0
50,2025-02-16,40,23,0,3,0
50,2025-02-17,40,23,0,3,0
50,2025-02-18,40,23,0,3,0
50,2025-02-19,40,23,0,3,0
50,2025-02-20,40,23,0,3,0
50,2025-02-21,40,23,0,3,0
50,2025-02-22,40,23,0,3,0
50,2025-02-23,40,23,0,3,0
50,2025-02-24,40,23,0,3,0
50,2025-02-25,40,23,0,3,0
50,2025-02-26,40,23,0,2,0
50,2025-02-27,40,23,0,2,0
50,2025-02-28,40,23,0,1,0
50,2025-03-01,40,23,0,0,0
50,2025-03-02,40,23,0,0,0
50,2025-03-03,40,23,0,0,0
50,2025-03-04,40,23,0,0,0
50,2025-03-05,40,23,0,0,0
50,2025-03-06,40,23,1,1,0
50,2025-03-07,40,23,1,1,0
50,2025-03-08,40,23,1,1,0
50,2025-03-09,40,23,1,1,0
50,2025-03-10,40,23,1,1,0
50,2025-03-11,40,23,1,1,0
50,2025-03-12,40,23,1,1,0
50,2025-03-13,40,23,0,1,0
50,2025-03-14,40,23,0,1,0
50,2025-03-15,40,23,0,1,0
50,2025-03-16,40,24,1,2,0
50,2025-03-17,40,24,1,2,0
50,2025-03-18,40,24,1,2,0
50,2025-03-19,40,24,1,2,0
50,2025-03-20,40,24,1,2,0
50,2025-03-21,40,24,1,2,0
50,2025-03-22,40,24,1,2,0
50,2025-03-23,40,24,0,2,0
50,2025-03-24,40,24,0,2,0
50,2025-03-25,40,24,1,3,0
50,2025-03-26,40,24,2,4,1
50,2025-03-27,40,24,2,4,1
50,2025-03-28,40,24,2,4,1
50,2025-03-29,40,24,2,4,1
50,2025-03-30,40,24,2,4,1
50,2025-03-31,40,24,3,5,1
50,2025-04-01,40,24,2,5,1
50,2025-04-02,40,24,1,5,0
50,2025-04-03,40,24,2,6,0
50,2025-04-04,40,24,2,6,0
50,2025-04-05,40,24,2,5,0
50,2025-04-06,40,24,2,5,0
50,2025-04-07,40,24,1,5,0
50,2025-04-08,40,24,1,5,0
50,2025-04-09,40,25,2,6,1
50,2025-04-10,40,25,1,6,1
50,2025-04-11,40,25,1,6,1
50,2025-04-12,40,25,1,6,1
50,2025-04-13,40,25,1,6,1
50,2025-04-14,40,25,1,6,1
50,2025-04-15,40,25,2,6,1
50,2025-04-16,40,25,1,6,0
50,2025-04-17,40,25,1,6,0
50,2025-04-18,40,25,1,6,0
50,2025-04-19,40,25,1,6,0
50,2025-04-20,40,25,1,6,0
50,2025-04-21,40,25,1,6,0
50,2025-04-22,40,25,0,6,0
50,2025-04-23,40,25,0,6,0
50,2025-04-24,40,25,0,5,0
50,2025-04-25,40,25,0,4,0
50,2025-04-26,40,25,0,4,0
50,2025-04-27,40,25,0,4,0
50,2025-04-28,40,25,0,4,0
50,2025-04-29,40,25,0,4,0
50,2025-04-30,40,25,0,3,0
50,2025-05-01,40,25,0,3,0
50,2025-05-02,40,25,0,3,0
50,2025-05-03,40,25,0,2,0
50,2025-05-04,40,25,0,2,0
50,2025-05-05,40,25,1,3,1
50,2025-05-06,40,25,1,3,1
50,2025-05-07,40,25,1,3,1
50,2025-05-08,40,25,1,3,1
50,2025-05-09,40,25,1,2,1
50,2025-05-10,40,25,1,2,1
50,2025-05-11,40,25,1,2,1
50,2025-05-12,40,25,0,2,0
50,2025-05-13,40,25,0,2,0
50,2025-05-14,40,25,0,2,0
50,2025-05-15,40,25,0,1,0
50,2025-05-16,40,25,0,1,0
50,2025-05-17,40,26,1,2,0
50,2025-05-18,40,26,1,2,0
50,2025-05-19,40,26,1,2,0
50,2025-05-20,40,26,1,2,0
50,2025-05-21,40,26,1,2,0
50,2025-05-22,40,26,1,2,0
50,2025-05-23,40,26,1,2,0
50,2025-05-24,40,26,1,3,0
50,2025-05-25,40,26,1,3,0
50,2025-05-26,40,26,1,3,0
50,2025-05-27,40,26,1,3,0
50,2025-05-28,40,26,1,3,0
50,2025-05-29,40,26,1,3,0
50,2025-05-30,40,26,1,3,0
50,2025-05-31,40,26,0,3,0
50,2025-06-01,40,26,1,4,0
50,2025-06-02,40,26,1,4,0
50,2025-06-03,40,26,1,4,0
50,2025-06-04,40,26,1,3,0
50,2025-06-05,40,26,2,4,0
50,2025-06-06,40,26,2,4,0
50,2025-06-07,40,26,2,4,0
50,2025-06-08,40,26,1,4,0
50,2025-06-09,40,26,1,4,0
50,2025-06-10,40,26,1,4,0
50,2025-06-11,40,26,1,4,0
50,2025-06-12,40,26,0,4,0
50,2025-06-13,40,26,0,4,0
50,2025-06-14,40,26,0,4,0
50,2025-06-15,40,26,0,4,0
50,2025-06-16,40,26,0,3,0
50,2025-06-17,40,26,0,3,0
50,2025-06-18,40,26,0,3,0
50,2025-06-19,40,26,0,3,0
50,2025-06-20,40,26,0,3,0
50,2025-06-21,40,26,1,4,0
50,2025-06-22,40,26,1,4,0
50,2025-06-23,40,26,1,3,0
50,2025-06-24,40,26,1,3,0
50,2025-06-25,40,26,1,3,0
50,2025-06-26,40,26,1,3,0
50,2025-06-27,40,26,1,3,0
50,2025-06-28,40,26,0,3,0
50,2025-06-29,40,26,0,3,0
50,2025-06-30,40,26,0,3,0
50,2025-07-01,40,26,0,2,0
50,2025-07-02,40,26,0,2,0
50,2025-07-03,40,26,0,2,0
50,2025-07-04,40,26,0,2,0
50,2025-07-05,40,26,0,1,0
50,2025-07-06,40,26,0,1,0
50,2025-07-07,40,26,0,1,0
50,2025-07-08,40,26,0,1,0
50,2025-07-09,40,26,0,1,0
50,2025-07-10,40,26,0,1,0
50,2025-07-11,40,26,0,1,0
50,2025-07-12,40,26,0,1,0
50,2025-07-13,40,26,1,2,0
50,2025-07-14,40,26,1,2,0
50,2025-07-15,40,26,1,2,0
50,2025-07-16,40,26,1,2,0
50,2025-07-17,40,26,1,2,0
50,2025-07-18,40,26,1,2,0
50,2025-07-19,40,26,1,2,0
50,2025-07-20,40,26,0,2,0
50,2025-07-21,40,26,1,2,0
50,2025-07-22,40,26,1,2,0
50,2025-07-23,40,26,1,2,0
50,2025-07-24,40,26,1,2,0
50,2025-07-25,40,26,1,2,0
50,2025-07-26,40,26,1,2,0
50,2025-07-27,40,26,1,2,0
50,2025-07-28,40,26,1,3,0
50,2025-07-29,40,26,2,4,0
50,2025-07-30,40,26,2,4,0
50,2025-07-31,40,26,2,4,0
50,2025-08-01,40,26,2,4,0
50,2025-08-02,40,26,2,4,0
50,2025-08-03,40,26,2,4,0
50,2025-08-04,40,26,1,4,0
50,2025-08-05,40,26,0,4,0
50,2025-08-06,40,26,0,4,0
50,2025-08-07,40,26,0,4,0
50,2025-08-08,40,26,0,4,0
50,2025-08-09,40,26,0,4,0
50,2025-08-10,40,26,0,4,0
50,2025-08-11,40,26,0,4,0
50,2025-08-12,40,26,0,3,0
50,2025-08-13,40,26,0,3,0
50,2025-08-14,40,26,0,3,0
50,2025-08-15,40,26,0,3,0
50,2025-08-16,40,26,0,3,0
50,2025-08-17,40,26,0,3,0
50,2025-08-18,40,26,1,4,0
50,2025-08-19,40,26,1,4,0
50,2025-08-20,40,26,1,3,0
50,2025-08-21,40,26,1,3,0
50,2025-08-22,40,26,1,3,0
50,2025-08-23,40,26,1,3,0
50,2025-08-24,40,26,1,3,0
50,2025-08-25,40,26,0,3,0
50,2025-08-26,40,26,0,3,0
50,2025-08-27,40,26,0,2,0
50,2025-08-28,40,26,0,1,0
50,2025-08-29,40,26,0,1,0
50,2025-08-30,40,26,0,1,0
50,2025-08-31,40,26,0,1,0
50,2025-09-01,40,26,0,1,0
50,2025-09-02,40,26,0,1,0
50,2025-09-03,40,26,0,1,0
50,2025-09-04,40,26,0,1,0
50,2025-09-05,40,26,0,1,0
50,2025-09-06,40,26,0,1,0
50,2025-09-07,40,26,0,1,0
50,2025-09-08,40,26,1,2,0
50,2025-09-09,40,26,1,2,0
50,2025-09-10,40,26,1,2,0
50,2025-09-11,40,26,2,3,0
50,2025-09-12,40,26,2,3,0
50,2025-09-13,40,26,2,3,0
50,2025-09-14,40,26,2,3,0
50,2025-09-15,40,26,1,3,0
50,2025-09-16,40,26,1,3,0
50,2025-09-17,40,26,1,2,0
50,2025-09-18,40,26,0,2,0
50,2025-09-19,40,26,0,2,0
50,2025-09-20,40,26,0,2,0
50,2025-09-21,40,26,0,2,0
50,2025-09-22,40,26,0,2,0
50,2025-09-23,40,26,0,2,0
50,2025-09-24,40,26,0,2,0
50,2025-09-25,40,26,1,3,1
50,2025-09-26,40,26,1,3,1
50,2025-09-27,40,26,1,3,1
50,2025-09-28,40,26,1,3,1
50,2025-09-29,40,26,1,3,1
50,2025-09-30,40,26,1,3,1
50,2025-10-01,40,26,1,3,1
50,2025-10-02,40,26,1,4,0
50,2025-10-03,40,26,1,4,0
50,2025-10-04,40,26,1,4,0
50,2025-10-05,40,26,1,4,0
50,2025-10-06,40,26,1,4,0
50,2025-10-07,40,26,1,4,0
50,2025-10-08,40,26,1,3,0
50,2025-10-09,40,26,0,3,0
50,2025-10-10,40,26,1,4,0
50,2025-10-11,40,26,2,4,0
50,2025-10-12,40,26,2,4,0
50,2025-10-13,40,26,2,4,0
50,2025-10-14,40,26,2,4,0
50,2025-10-15,40,26,2,4,0
50,2025-10-16,40,26,2,4,0
50,2025-10-17,40,26,1,4,0
50,2025-10-18,40,26,0,4,0
50,2025-10-19,40,26,0,4,0
50,2025-10-20,40,26,0,4,0
50,2025-10-21,40,26,1,5,0
50,2025-10-22,40,26,1,5,0
50,2025-10-23,40,26,1,5,0
50,2025-10-24,40,26,1,5,0
50,2025-10-25,40,26,1,4,0
50,2025-10-26,40,26,1,4,0
50,2025-10-27,40,26,1,4,0
50,2025-10-28,40,26,0,4,0
50,2025-10-29,40,26,0,4,0
50,2025-10-30,40,26,0,4,0
50,2025-10-31,40,26,0,4,0
50,2025-11-01,40,26,0,3,0
50,2025-11-02,40,26,1,4,0
50,2025-11-03,40,26,1,4,0
50,2025-11-04,40,26,1,4,0
50,2025-11-05,40,26,1,4,0
50,2025-11-06,40,26,1,4,0
50,2025-11-07,40,26,1,4,0
50,2025-11-08,40,26,1,4,0
50,2025-11-09,40,26,0,3,0
50,2025-11-10,40,26,0,2,0
50,2025-11-11,40,26,0,2,0
50,2025-11-12,40,26,0,2,0
50,2025-11-13,40,27,2,4,0
50,2025-11-14,40,27,2,4,0
50,2025-11-15,40,27,2,4,0
50,2025-11-16,40,27,2,4,0
50,2025-11-17,40,27,3,5,0
50,2025-11-18,40,27,3,5,0
50,2025-11-19,40,27,3,5,0
50,2025-11-20,40,27,1,4,0
50,2025-11-21,40,27,1,4,0
50,2025-11-22,40,27,1,4,0
50,2025-11-23,40,27,1,4,0
50,2025-11-24,40,27,0,4,0
50,2025-11-25,40,27,0,4,0
50,2025-11-26,40,27,0,4,0
50,2025-11-27,40,27,0,4,0
50,2025-11-28,40,27,0,4,0
50,2025-11-29,40,27,0,4,0
50,2025-11-30,40,27,0,4,0
50,2025-12-01,40,27,0,4,0
50,2025-12-02,40,27,0,3,0
50,2025-12-03,40,27,0,3,0
50,2025-12-04,40,27,0,3,0
50,2025-12-05,40,27,0,3,0
50,2025-12-06,40,27,0,3,0
50,2025-12-07,40,27,0,3,0
50,2025-12-08,40,27,0,3,0
50,2025-12-09,40,27,0,3,0
50,2025-12-10,40,27,0,3,0
50,2025-12-11,40,27,0,3,0
50,2025-12-12,40,27,0,3,0
50,2025-12-13,40,27,0,1,0
50,2025-12-14,40,27,0,1,0
50,2025-12-15,40,27,0,1,0
50,2025-12-16,40,27,0,1,0
50,2025-12-17,40,27,0,0,0
50,2025-12-18,40,27,0,0,0
50,2025-12-19,40,27,0,0,0
50,2025-12-20,40,27,0,0,0
50,2025-12-21,40,27,0,0,0
50,2025-12-22,40,27,0,0,0
50,2025-12-23,40,27,0,0,0
50,2025-12-24,40,27,0,0,0
50,2025-12-25,40,27,0,0,0
50,2025-12-26,40,27,0,0,0
50,2025-12-27,40,27,0,0,0
50,2025-12-28,40,27,0,0,0
50,2025-12-29,40,27,0,0,0
50,2025-12-30,40,27,0,0,0
50,2025-12-31,40,27,0,0,0
