route,station,lat,lon
50,1 - й Краснокурсантский проезд,55.763852,37.680333
11,1 - я Прогонная ул.,55.790425,37.771894
7,1 - я Прогонная ул.,55.794131,37.696495
12,10 - я улица Соколиной Горы,55.742097,37.675894
12,13 - я Парковая улица,55.793223,37.797767
11,13 - я Парковая улица,55.825635,37.641893
12,15 - я Парковая улица,55.79344,37.8111
11,15 - я Парковая улица,55.821958,37.630218
25,2 - й Ширяевский переулок,55.814198,37.686727
26,3 - й Верхний Михайловский проезд,55.680313,37.586389
7,3 - й проезд Подбельского,55.817607,37.717872
12,3 - я Парковая улица,55.783057,37.740665
11,3 - я Парковая улица,55.811176,37.70139
26,3 - я Рощинская улица,55.686525,37.593871
12,3 - я улица Соколиной Горы,55.714252,37.678435
50,4 - й Самотёчный переулок,55.780632,37.63227
7,4 - й Самотёчный переулок,55.793428,37.691713
7,5 - й пр. Подбельского,55.816496,37.728205
12,5 - я Парковая улица,55.786594,37.748971
11,5 - я Парковая улица,55.816429,37.690768
12,5 - я улица Соколиной Горы,55.719724,37.675026
12,7 - я Парковая улица,55.786758,37.762304
11,7 - я Парковая улица,55.817312,37.679148
12,8 - я улица Соколиной Горы,55.730391,37.661165
12,9 - я улица Соколиной Горы,55.735273,37.670419
12,Абельмановская Застава,55.780596,37.71842
50,Аптекарский переулок,55.775806,37.650338
12,Арбатецкая улица,55.787826,37.762483
11,Аргуновская улица,55.821932,37.619404
25,Аргуновская улица,55.821932,37.619404
17,Аргуновская улица,55.879972,37.637371
7,Астраханский переулок,55.779065,37.615515
50,Астраханский переулок,55.779065,37.615515
25,Б. Оленья ул.,55.81796,37.675421
25,Б. Ширяевская ул.,55.807703,37.689274
1,Балаклавский проспект,55.627592,37.597808
50,Басманный двор,55.780721,37.631398
28,Бассейн,55.7968,37.452358
7,Белорусский вокзал,55.814256,37.734293
17,Берингов проезд,55.822666,37.617564
12,Библиотечная улица,55.761162,37.736392
11,Богатырский мост,55.782922,37.737664
11,Богородский храм,55.786315,37.747072
7,Богородский храм,55.799207,37.713498
7,Богородское,55.804931,37.707137
1,Болотниковская улица,55.600207,37.588792
26,Больница имени Алексеева,55.704334,37.612358
7,Ботанический переулок,55.780219,37.635977
50,Ботанический переулок,55.785178,37.601746
11,ВДНХ (северный вход),55.820102,37.667766
25,ВДНХ (северный вход),55.820102,37.667766
17,ВДНХ (северный вход),55.860242,37.660072
11,ВДНХ (южный вход),55.826578,37.643839
25,ВДНХ (южный вход),55.826578,37.643839
17,ВДНХ (южный вход),55.871502,37.651317
1,Верхний Чертановский пруд,55.640692,37.605593
17,Верхоянская улица,55.822672,37.618302
12,Вольная улица,55.747027,37.684138
12,Восточное Измайлово,55.794253,37.823099
11,Восточное Измайлово,55.822726,37.616968
12,Галерея «Измайлово»,55.77987,37.719464
11,Галерея «Измайлово»,55.797529,37.714885
12,Гаражная улица,55.720931,37.673867
28,Гидропроект,55.787647,37.45409
12,Главная аллея,55.773464,37.725091
11,Главная аллея,55.789771,37.716436
50,Главный корпус МИИТ,55.777584,37.668889
12,Горбатый путепровод,55.743125,37.676928
12,Д/к «Компрессор»,55.731135,37.662928
50,Д/к «Компрессор»,55.751657,37.716619
7,ДК Зуева,55.819224,37.713922
50,Дворец культуры МИИТ,55.763336,37.680172
50,Денисовский переулок,55.776704,37.659812
28,Детская поликлиника,55.810547,37.481476
1,Детская стоматологическая п - ка,55.638897,37.605478
12,Динамовская улица,55.786584,37.751154
28,Диспансер,55.805787,37.508647
26,Драмтеатр,55.687959,37.544837
26,Духовской переулок,55.69214,37.60272
12,Душинская улица,55.747157,37.686286
26,Загородное шоссе,55.717154,37.608413
7,Игральная ул.,55.819254,37.706984
12,Измайловская площадь,55.782531,37.727364
11,Измайловская площадь,55.804264,37.707445
11,Инновационный университет,55.786697,37.761253
7,Инновационный университет,55.795235,37.708536
7,Каланчёвская улица,55.783496,37.605783
50,Каланчёвская улица,55.783496,37.605783
1,Кинотеатр «Ашхабад»,55.652859,37.60542
12,Кинотеатр «Победа»,55.782583,37.729536
1,Кировоградские пруды,55.619155,37.593737
12,Кирпичная улица,55.748015,37.697345
7,Клуб Русакова,55.779848,37.620563
17,Культурно - досуговый центр,55.868801,37.663785
7,Ланинский переулок,55.810894,37.701989
26,Ленинский проспект,55.685459,37.554349
7,Лесная улица,55.813373,37.696436
7,Леснорядская улица,55.777737,37.587405
50,Лефортовская набережная,55.776166,37.676451
50,Лефортовский мост,55.770192,37.679202
11,Лингвистический университет,55.787612,37.717011
25,Лингвистический университет,55.794233,37.682371
50,МГТУ имени Н.Э. Баумана,55.777996,37.668388
50,МИИТ,55.775821,37.677071
17,МФЦ Южное Медведково,55.860717,37.660009
7,МЦД Митьково,55.783006,37.595306
12,МЦД Москва,55.750672,37.712057
7,МЦД Площадь трёх вокзалов,55.787276,37.602327
50,МЦД Площадь трёх вокзалов,55.787276,37.602327
12,МЦК Дубровка,55.793611,37.821883
17,МЦК Ростокино,55.83206,37.652222
50,МЭИ,55.757518,37.698817
25,Майский просек,55.821419,37.663361
12,Малая Андроньевская улица,55.774505,37.724219
7,Малая Остроумовская улица,55.779233,37.630845
12,Метро «Авиамоторная»,55.736318,37.671393
50,Метро «Авиамоторная»,55.754285,37.708577
17,Метро «Бабушкинская»,55.832476,37.652564
50,Метро «Бауманская»,55.779694,37.642472
7,Метро «Белорусская»,55.817677,37.723774
7,Метро «Бульвар Рокоссовского»,55.815137,37.732689
11,Метро «ВДНХ»,55.823841,37.655528
25,Метро «ВДНХ»,55.823841,37.655528
17,Метро «ВДНХ»,55.868344,37.663624
12,Метро «Дубровка»,55.793442,37.813278
1,Метро «Каховская»,55.607127,37.590435
7,Метро «Комсомольская»,55.784236,37.600818
50,Метро «Комсомольская»,55.784236,37.600818
7,Метро «Красносельская»,55.775886,37.583959
50,Метро «Красносельская»,55.783148,37.610563
50,Метро «Менделеевская»,55.751732,37.717421
50,Метро «Новослободская»,55.753761,37.725252
26,Метро «Октябрьская»,55.692143,37.53687
12,Метро «Партизанская»,55.766782,37.731143
11,Метро «Партизанская»,55.782239,37.71961
12,Метро «Первомайская»,55.790487,37.771963
11,Метро «Первомайская»,55.820612,37.666134
12,Метро «Площадь Ильича»,55.755586,37.737223
7,Метро «Преображенская площадь»,55.776721,37.659861
11,Метро «Преображенская площадь»,55.794242,37.823078
12,Метро «Пролетарская»,55.783096,37.74284
7,Метро «Проспект Мира»,55.778298,37.646991
50,Метро «Проспект Мира»,55.789656,37.604037
26,Метро «Профсоюзная»,55.692529,37.603848
12,Метро «Семёновская»,55.750306,37.71001
11,Метро «Семёновская»,55.789463,37.768546
28,Метро «Сокол»,55.779958,37.454717
7,Метро «Сокольники»,55.784745,37.605866
25,Метро «Сокольники»,55.822726,37.616968
26,Метро «Университет»,55.692736,37.536017
1,Метро «Чертановская»,55.633894,37.603135
26,Метро «Шаболовская»,55.685119,37.553522
28,Метро «Щукинская»,55.808336,37.496675
50,Минаевский переулок,55.760545,37.689843
7,Миусское депо,55.817974,37.702677
7,Мосгорсуд,55.78637,37.677034
11,Мосгорсуд,55.793205,37.799635
1,Москворецкий рынок,55.594898,37.591539
12,Мост Окружной железной дороги,55.760124,37.737273
11,Мост Окружной железной дороги,55.782813,37.733883
12,Новоостаповская улица,55.793209,37.799946
12,Новорогожская улица,55.767823,37.730271
26,Новочерёмушкинская улица,55.698081,37.61268
1,ОВД «Чертаново Южное»,55.605345,37.590078
17,Олонецкий проезд,55.839248,37.661119
50,Ольховская улица,55.779034,37.614165
25,Охотничья улица,55.825045,37.640737
25,ПКиО «Сокольники»,55.821825,37.629476
7,Пантелеевская улица,55.778656,37.610392
50,Пантелеевская улица,55.778656,37.610392
28,Пехотная улица,55.81002,37.464557
17,Печорская улица,55.826576,37.64374
11,Площадь Академика Люльки,55.801028,37.697897
25,Площадь Академика Люльки,55.801028,37.697897
50,Площадь Борьбы,55.776955,37.660461
7,Площадь Борьбы,55.802518,37.709482
7,Погонный проезд,55.815548,37.69698
28,Покровское - Стрешнево,55.808445,37.496268
1,Поликлиника,55.598424,37.588443
50,Поликлиника,55.778931,37.6238
17,Поликлиника,55.872338,37.637628
7,Преображенская площадь,55.776166,37.649752
11,Преображенское кладбище,55.793423,37.810153
17,Проезд Шокальского,55.853513,37.666606
50,Проезд Энтузиастов,55.753855,37.726089
12,"Проспект Будённого, 24",55.723135,37.664043
28,Проспект Маршала Жукова,55.780286,37.453807
11,Проспект Мира,55.816704,37.680219
25,Проспект Мира,55.816704,37.680219
17,Радужная улица,55.822138,37.632074
12,Районный центр «Первомайский»,55.792945,37.784441
11,Районный центр «Первомайский»,55.824524,37.65362
11,Ростокинский проезд,55.782353,37.72339
25,Ростокинский проезд,55.801189,37.68758
50,Самотёчная улица,55.778717,37.624727
7,Самотёчная улица,55.78951,37.681635
26,"Севастопольский просп., 1",55.709622,37.606383
17,Северное Медведково,55.887278,37.643705
17,Северянинский путепровод,55.826251,37.643196
50,Селезнёвская улица,55.779675,37.643432
7,Селезнёвская улица,55.795007,37.703648
17,Сельскохозяйственная улица,55.845679,37.669155
26,Серпуховский Вал,55.677861,37.576586
1,"Симферопольский бульвар, 20",55.614039,37.592185
17,Социальный фонд России,55.822124,37.631331
26,Спортивная школа «Тринта»,55.69745,37.612038
25,Станция Юных натуралистов,55.792708,37.681177
11,Станция Юных натуралистов,55.795411,37.714449
12,Старообрядческая улица,55.748231,37.699459
1,Сумской проезд,55.647675,37.60548
17,Сухонская улица,55.84606,37.669592
7,Сцена «Мельников»,55.780181,37.610163
50,Театр зверей имени Дурова,55.778824,37.61509
7,Театр зверей имени Дурова,55.783985,37.674475
7,Телерадиокомпания «МИР»,55.79113,37.685679
11,Телерадиокомпания «МИР»,55.792954,37.785331
50,Тихвинский пер.,55.757244,37.699528
12,Товарная,55.753131,37.724632
7,Трамв. депо им. Русакова,55.779768,37.640692
25,Ул. Короленко,55.825259,37.651686
50,Ул. Образцова,55.769677,37.67927
28,Ул. Рогова,55.805437,37.452024
28,Улица Академика Зильбера,55.809997,37.464986
28,Улица Академика Курчатова,55.810571,37.481047
11,"Улица Бориса Галушкина, 17",55.807998,37.697606
25,"Улица Бориса Галушкина, 17",55.807998,37.697606
12,Улица Буракова,55.724565,37.664026
26,Улица Вавилова,55.680604,37.587453
26,Улица Винокурова,55.725357,37.611447
7,Улица Гиляровского,55.775291,37.655643
50,Улица Гиляровского,55.787085,37.608739
26,Улица Дмитрия Ульянова,55.717844,37.608738
17,Улица Докукина,55.838864,37.660689
50,Улица Достоевского,55.77536,37.650991
7,Улица Достоевского,55.796609,37.714409
12,Улица Ибрагимова,55.752769,37.722583
11,Улица Ибрагимова,55.786691,37.757459
26,Улица Ивана Бабушкина,55.687128,37.594602
11,Улица Измайловский Вал,55.79264,37.781598
26,Улица Лестева,55.68185,37.564968
50,Улица Лефортовский Вал,55.760838,37.689151
28,Улица Маршала Тухачевского,55.787833,37.454154
17,Улица Молодцова,55.871565,37.650389
50,Улица Палиха,55.753997,37.709273
7,Улица Палиха,55.808886,37.705577
28,Улица Панфилова,55.805327,37.451684
11,Улица Преображенский Вал,55.793205,37.795844
17,Улица Сергея Эйзенштейна,55.853161,37.667243
17,Улица Тихомирова,55.88039,37.637703
7,Улица Хромова,55.781087,37.669333
11,Улица Хромова,55.793453,37.813942
11,Улица Цандера,55.822066,37.633164
25,Улица Цандера,55.822066,37.633164
17,Улица Цандера,55.87187,37.637828
26,Улица Шверника,55.724658,37.611212
7,Улица Щепкина,55.779214,37.665645
50,Улица Щепкина,55.782698,37.610843
28,Университет «РОСБИОТЕХ»,55.796643,37.45247
11,Усадьба Останкино,55.822106,37.61914
25,Усадьба Останкино,55.822106,37.61914
17,Усадьба Останкино,55.887288,37.643608
26,Фабрика «Ударница»,55.688476,37.544034
11,Фортунатовская ул.,55.78448,37.745857
12,Фортунатовская улица,55.75522,37.735176
1,Футбольная школа Чертаново,55.654657,37.60532
12,ЦНИИТМАШ,55.792993,37.786615
26,Центр детского творчества,55.704967,37.611848
26,Центр здоровья детей,55.681466,37.565962
26,Черемушки,55.710323,37.6063
1,Черноморский бульв.,55.620923,37.594254
1,Чертаново Центральное,55.632267,37.601847
1,Чертаново Южное,55.595216,37.588643
1,"Чертановская ул., 28",55.645877,37.605589
1,"Чертановская ул., 44",55.625939,37.596632
1,"Чертановская улица, 53",55.612264,37.591738
26,Черёмушкинский рынок,55.677485,37.577588
12,Шарикоподшипниковская ул.,55.791023,37.773889
1,Школьный парк,55.658783,37.608489
11,Ярославская улица,55.81382,37.689842
25,Ярославская улица,55.81382,37.689842
