system,start,end,source
quarter,2025-01-01,2025-01-12,Минпросвещения ОК-2142/03; календарь ДОНМ 2024/25
quarter,2025-03-24,2025-03-31,Минпросвещения ОК-2142/03; календарь ДОНМ 2024/25
quarter,2025-10-25,2025-11-02,Письмо ДОНМ 2025/26
quarter,2025-12-31,2025-12-31,Письмо ДОНМ 2025/26
module,2025-01-01,2025-01-08,календарь ДОНМ 2024/25
module,2025-02-15,2025-02-24,календарь ДОНМ 2024/25
module,2025-04-05,2025-04-13,календарь ДОНМ 2024/25
module,2025-10-04,2025-10-12,Письмо ДОНМ 2025/26
module,2025-11-15,2025-11-23,Письмо ДОНМ 2025/26
module,2025-12-31,2025-12-31,Письмо ДОНМ 2025/26
summer,2025-05-26,2025-08-31,окончание 2024/25 и начало 2025/26
